id,week,date,start_time,away_team,home_team,v6_away,v6_home,v6_pre_away,v6_pre_home,v8_winner,v8_confidence,v8_pre_away,,sl_away_pred,sl_home_pred,away_result,home_result,moneyline_favorite_team,total_line,runline_favorite_team,runline_value,v6_home_success,v6_runline_success,v6_over_under_success,v6_away_diff,v6_home_diff,v6_pre_home_success,v6_pre_runline_success,v6_pre_over_under_success,v6_pre_away_diff,v6_pre_home_diff,sl_success,sl_runline_success,sl_over_under_success,sl_away_diff,sl_home_diff,v1_sl_same,v1_sl_success,v5_sl_same,v5_sl_success,v6_sl_same,v6_sl_success,v8_success,v8_pre_success
20001,1,20250823,10:00,STAN,HAW,,,,,,,,,,,20,23,HAW,50.5,HAW,-1.5,,,,,,,,,,,,,,,,,,,,,,,
20002,1,20250823,14:00,ISU,KSU,,,,,,,,,,,24,21,KSU,51.5,KSU,-2.5,,,,,,,,,,,,,,,,,,,,,,,
20003,1,20250823,16:30,FRES,KU,,,,,,,,,,,7,31,KU,50.5,KU,-14.5,,,,,,,,,,,,,,,,,,,,,,,
20004,1,20250823,17:00,IDST,UNLV,,,,,,,,,,,31,38,UNLV,67.5,UNLV,-30.5,,,,,,,,,,,,,,,,,,,,,,,
20005,1,20250823,17:30,SHSU,WKU,,,,,,,,,,,24,41,WKU,60.5,WKU,-10.5,,,,,,,,,,,,,,,,,,,,,,,
20006,1,20250828,15:30,BSU,USF,,,,,,,,,38,23,7,34,BSU,60.5,BSU,-5.5,,,,,,,,,,,,,,,,,,,,,,,
20007,1,20250828,16:00,OHIO,RUTG,,,,,,,,,19,24,31,34,RUTG,53.5,RUTG,-15.5,,,,,,,,,,,,,,,,,,,,,,,
20008,1,20250828,16:00,LAF,BGSU,,,,,,,,,,,7,26,BGSU,53.5,BGSU,-21.5,,,,,,,,,,,,,,,,,,,,,,,
20009,1,20250828,17:00,ECU,NCST,,,,,,,,,21,32,17,24,NCST,61.5,NCST,-13.5,,,,,,,,,,,,,,,,,,,,,,,
20010,1,20250828,17:00,JVST,UCF,,,,,,,,,23,31,10,17,UCF,52.5,UCF,-20.5,,,,,,,,,,,,,,,,,,,,,,,
20011,1,20250828,17:00,DSU,DEL,,,,,,,,,,,17,35,DEL,55.5,DEL,-30.5,,,,,,,,,,,,,,,,,,,,,,,
20012,1,20250828,17:00,SFU,ULM,,,,,,,,,,,0,29,ULM,47.5,ULM,-30.5,,,,,,,,,,,,,,,,,,,,,,,
20013,1,20250828,17:00,WYO,AKR,,,,,,,,,29,18,10,0,WYO,47.5,WYO,-4.5,,,,,,,,,,,,,,,,,,,,,,,
20014,1,20250828,17:30,UCA,MIZZ,,,,,,,,,,,6,61,MIZZ,53.5,MIZZ,-38.5,,,,,,,,,,,,,,,,,,,,,,,
20015,1,20250828,17:30,ELON,DUKE,,,,,,,,,,,17,45,DUKE,50.5,DUKE,-36.5,,,,,,,,,,,,,,,,,,,,,,,
20016,1,20250828,17:30,UTM,OKST,,,,,,,,,,,7,27,OKST,56.5,OKST,-26.5,,,,,,,,,,,,,,,,,,,,,,,
20017,1,20250828,18:00,BUFF,MINN,,,,,,,,,19,36,10,23,MINN,41.5,MINN,-16.5,,,,,,,,,,,,,,,,,,,,,,,
20018,1,20250828,18:00,SFA,HOU,,,,,,,,,,,0,27,HOU,54.5,HOU,-23.5,,,,,,,,,,,,,,,,,,,,,,,
20019,1,20250828,18:30,ALST,UAB,,,,,,,,,,,42,52,UAB,53.5,UAB,-21.5,,,,,,,,,,,,,,,,,,,,,,,
20020,1,20250828,19:00,NEB,CIN,,,,,,,,,25,19,20,17,NEB,50.5,NEB,-5.5,,,,,,,,,,,,,,,,,,,,,,,
20021,1,20250828,19:00,M-OH,WIS,,,,,,,,,17,25,0,17,WIS,41.5,WIS,-18.5,,,,,,,,,,,,,,,,,,,,,,,
20022,1,20250828,20:00,STON,SDSU,,,,,,,,,,,0,42,SDSU,53.5,SDSU,-19.5,,,,,,,,,,,,,,,,,,,,,,,
20031,1,20250829,16:00,TAR,ARMY,,,,,,,,,,,30,27,ARMY,47.5,ARMY,-14.5,,,,,,,,,,,,,,,,,,,,,,,
20032,1,20250829,17:00,WMU,MSU,,,,,,,,,18,27,6,23,MSU,50.5,MSU,-22.5,,,,,,,,,,,,,,,,,,,,,,,
20033,1,20250829,17:00,KSW,WAKE,,,,,,,,,17,29,9,10,WAKE,51.5,WAKE,-18.5,,,,,,,,,,,,,,,,,,,,,,,
20034,1,20250829,17:00,APP,CHAR,,,,,,,,,37,25,34,11,APP,48.5,APP,-19.5,,,,,,,,,,,,,,,,,,,,,,,
20035,1,20250829,18:15,COOK,FIU,,,,,,,,,,,9,42,FIU,54.5,FIU,-26.5,,,,,,,,,,,,,,,,,,,,,,,
20036,1,20250829,17:30,WIU,ILL,,,,,,,,,,,3,52,ILL,62.5,ILL,-48.5,,,,,,,,,,,,,,,,,,,,,,,
20037,1,20250829,17:30,WAG,KU,,,,,,,,,,,7,46,KU,57.5,KU,-45.5,,,,,,,,,,,,,,,,,,,,,,,
20038,1,20250829,18:00,AUB,BAY,,,,,,,,,28,25,38,24,BAY,56.5,BAY,-1.5,,,,,,,,,,,,,,,,,,,,,,,
20039,1,20250829,18:00,GT,COLO,,,,,,,,,27,26,27,20,GT,50.5,GT,-3.5,,,,,,,,,,,,,,,,,,,,,,,
20040,1,20250829,19:30,UNLV,SHSU,,,,,,,,,36,22,38,21,UNLV,60.5,UNLV,-8.5,,,,,,,,,,,,,,,,,,,,,,,
20041,1,20250829,20:30,CMU,SJSU,,,,,,,,,19,37,16,14,SJSU,51.5,SJSU,-14.5,,,,,,,,,,,,,,,,,,,,,,,
20042,1,20250830,10:00,TEX,OSU,,,,,,,,,22,23,7,14,OSU,46.5,OSU,-1.5,,,,,,,,,,,,,,,,,,,,,,,
20043,1,20250830,10:00,SYR,TENN,,,,,,,,,22,34,26,45,TENN,51.5,TENN,-13.5,,,,,,,,,,,,,,,,,,,,,,,
20044,1,20250830,10:00,MSST,USM,,,,,,,,,34,21,34,17,MSST,59.5,MSST,-15.5,,,,,,,,,,,,,,,,,,,,,,,
20045,1,20250830,10:00,FAU,UMD,,,,,,,,,21,37,7,39,UMD,59.5,UMD,-13.5,,,,,,,,,,,,,,,,,,,,,,,
20046,1,20250830,10:00,BALL,PUR,,,,,,,,,17,31,0,31,PUR,48.5,PUR,-16.5,,,,,,,,,,,,,,,,,,,,,,,
20047,1,20250830,10:00,NW,TULN,,,,,,,,,19,26,3,23,TULN,45.5,TULN,-6.5,,,,,,,,,,,,,,,,,,,,,,,
20048,1,20250830,10:00,DUQ,PITT,,,,,,,,,,,9,61,PITT,58.5,PITT,-39.5,,,,,,,,,,,,,,,,,,,,,,,
20049,1,20250830,10:00,VMI,NAVY,,,,,,,,,,,7,52,NAVY,54.5,NAVY,-42.5,,,,,,,,,,,,,,,,,,,,,,,
20050,1,20250830,10:00,MACK,KENT,,,,,,,,,,,17,21,KENT,50.5,KENT,-5.5,,,,,,,,,,,,,,,,,,,,,,,
20051,1,20250830,10:45,TOL,UK,,,,,,,,,21,31,16,24,UK,48.5,UK,-9.5,,,,,,,,,,,,,,,,,,,,,,,
20052,1,20250830,12:00,FOR,BC,,,,,,,,,,,10,66,BC,52.5,BC,-34.5,,,,,,,,,,,,,,,,,,,,,,,
20053,1,20250830,12:00,RMU,WVU,,,,,,,,,,,3,45,WVU,58.5,WVU,-43.5,,,,,,,,,,,,,,,,,,,,,,,
20054,1,20250830,12:00,CCTST,CONN,,,,,,,,,,,13,59,CONN,51.5,CONN,-29.5,,,,,,,,,,,,,,,,,,,,,,,
20055,1,20250830,12:30,ODU,IND,,,,,,,,,18,38,14,27,IND,53.5,IND,-23.5,,,,,,,,,,,,,,,,,,,,,,,
20056,1,20250830,13:00,EKY,LOU,,,,,,,,,,,17,51,LOU,57.5,LOU,-37.5,,,,,,,,,,,,,,,,,,,,,,,
20057,1,20250830,13:30,NEV,PSU,,,,,,,,,9,53,11,46,PSU,54.5,PSU,-43.5,,,,,,,,,,,,,,,,,,,,,,,
20058,1,20250830,13:30,MRSH,UGA,,,,,,,,,17,46,7,45,UGA,51.5,UGA,-38.5,,,,,,,,,,,,,,,,,,,,,,,
20059,1,20250830,13:30,BAMA,FSU,,,,,,,,,31,16,17,31,BAMA,46.5,BAMA,-13.5,,,,,,,,,,,,,,,,,,,,,,,
20060,1,20250830,13:30,SDAK,ISU,,,,,,,,,,,7,55,ISU,47.5,ISU,-13.5,,,,,,,,,,,,,,,,,,,,,,,
20061,1,20250830,13:30,BUCK,AFA,,,,,,,,,,,13,49,AFA,53.5,AFA,-30.5,,,,,,,,,,,,,,,,,,,,,,,
20062,1,20250830,13:30,TEM,UMASS,,,,,,,,,32,33,42,10,TEM,48.5,TEM,-2.5,,,,,,,,,,,,,,,,,,,,,,,
20063,1,20250830,13:30,HC,NIU,,,,,,,,,,,17,19,NIU,48.5,NIU,-13.5,,,,,,,,,,,,,,,,,,,,,,,
20064,1,20250830,14:00,MTST,ORE,,,,,,,,,,,13,59,ORE,55.5,ORE,-28.5,,,,,,,,,,,,,,,,,,,,,,,
20065,1,20250830,14:00,MNE,LIB,,,,,,,,,,,7,28,LIB,50.5,LIB,-25.5,,,,,,,,,,,,,,,,,,,,,,,
20066,1,20250830,14:15,AAMU,ARK,,,,,,,,,,,7,52,ARK,62.5,ARK,-45.5,,,,,,,,,,,,,,,,,,,,,,,
20067,1,20250830,14:30,CHAT,MEM,,,,,,,,,,,10,45,MEM,55.5,MEM,-30.5,,,,,,,,,,,,,,,,,,,,,,,
20068,1,20250830,16:00,ILST,OKLA,,,,,,,,,,,3,35,OKLA,60.5,OKLA,-38.5,,,,,,,,,,,,,,,,,,,,,,,
20069,1,20250830,16:00,ALBNY,IOWA,,,,,,,,,,,7,34,IOWA,48.5,IOWA,-39.5,,,,,,,,,,,,,,,,,,,,,,,
20070,1,20250830,16:00,CCAR,UVA,,,,,,,,,25,32,7,48,UVA,54.5,UVA,-13.5,,,,,,,,,,,,,,,,,,,,,,,
20071,1,20250830,16:00,WEB,JMU,,,,,,,,,,,10,45,JMU,54.5,JMU,-27.5,,,,,,,,,,,,,,,,,,,,,,,
20072,1,20250830,17:00,LIU,FLA,,,,,,,,,,,0,55,FLA,56.5,FLA,-46.5,,,,,,,,,,,,,,,,,,,,,,,
20073,1,20250830,17:00,UND,KSU,,,,,,,,,,,35,38,KSU,55.5,KSU,-27.5,,,,,,,,,,,,,,,,,,,,,,,
20074,1,20250830,17:00,UTSA,TAMU,,,,,,,,,20,42,24,42,TAMU,59.5,TAMU,-23.5,,,,,,,,,,,,,,,,,,,,,,,
20075,1,20250830,17:00,CHSO,VAN,,,,,,,,,,,3,45,VAN,50.5,VAN,-38.5,,,,,,,,,,,,,,,,,,,,,,,
20076,1,20250830,17:00,PEAY,MTSU,,,,,,,,,,,34,14,MTSU,53.5,MTSU,-16.5,,,,,,,,,,,,,,,,,,,,,,,
20077,1,20250830,17:00,NA,WKU,,,,,,,,,,,6,55,WKU,60.5,WKU,-27.5,,,,,,,,,,,,,,,,,,,,,,,
20078,1,20250830,17:00,SEMO,ARST,,,,,,,,,,,24,42,ARST,59.5,ARST,-15.5,,,,,,,,,,,,,,,,,,,,,,,
20079,1,20250830,17:00,MORG,USA,,,,,,,,,,,21,38,USA,50.5,USA,-28.5,,,,,,,,,,,,,,,,,,,,,,,
20080,1,20250830,17:00,NICH,TROY,,,,,,,,,,,20,38,TROY,48.5,TROY,-19.5,,,,,,,,,,,,,,,,,,,,,,,
20081,1,20250830,17:30,LSU,CLEM,,,,,,,,,34,30,17,10,CLEM,55.5,CLEM,-5.5,,,,,,,,,,,,,,,,,,,,,,,
20082,1,20250830,17:30,UNM,MICH,,,,,,,,,15,61,17,34,MICH,49.5,MICH,-34.5,,,,,,,,,,,,,,,,,,,,,,,
20083,1,20250830,17:30,ARPB,TTU,,,,,,,,,,,7,67,TTU,62.5,TTU,-54.5,,,,,,,,,,,,,,,,,,,,,,,
20084,1,20250830,17:30,MOST,USC,,,,,,,,,17,54,13,73,USC,60.5,USC,-36.5,,,,,,,,,,,,,,,,,,,,,,,
20085,1,20250830,17:30,SELA,LT,,,,,,,,,,,0,24,LT,50.5,LT,-14.5,,,,,,,,,,,,,,,,,,,,,,,
20086,1,20250830,17:30,UTEP,USU,,,,,,,,,28,36,16,28,USU,58.5,USU,-4.5,,,,,,,,,,,,,,,,,,,,,,,
20087,1,20250830,17:45,GAST,MISS,,,,,,,,,12,53,7,63,MISS,61.5,MISS,-33.5,,,,,,,,,,,,,,,,,,,,,,,
20088,1,20250830,18:00,PRST,BYU,,,,,,,,,,,0,69,BYU,62.5,BYU,-44.5,,,,,,,,,,,,,,,,,,,,,,,
20089,1,20250830,18:00,RICE,LA,,,,,,,,,21,37,14,12,LA,48.5,LA,-9.5,,,,,,,,,,,,,,,,,,,,,,,
20090,1,20250830,18:00,EMU,TXST,,,,,,,,,22,43,27,52,TXST,56.5,TXST,-13.5,,,,,,,,,,,,,,,,,,,,,,,
20091,1,20250830,18:00,LAM,UNT,,,,,,,,,,,0,51,UNT,62.5,UNT,-27.5,,,,,,,,,,,,,,,,,,,,,,,
20092,1,20250830,18:00,ACU,TLSA,,,,,,,,,,,7,35,TLSA,60.5,TLSA,-5.5,,,,,,,,,,,,,,,,,,,,,,,
20093,1,20250830,19:15,ETAM,SMU,,,,,,,,,,,13,42,SMU,64.5,SMU,-50.5,,,,,,,,,,,,,,,,,,,,,,,
20094,1,20250830,19:00,BRY,NMSU,,,,,,,,,,,3,19,NMSU,52.5,NMSU,-19.5,,,,,,,,,,,,,,,,,,,,,,,
20095,1,20250830,19:30,GASO,FRES,,,,,,,,,30,27,14,42,FRES,49.5,FRES,-1.5,,,,,,,,,,,,,,,,,,,,,,,
20096,1,20250830,20:00,NAU,ASU,,,,,,,,,,,19,38,ASU,52.5,ASU,-29.5,,,,,,,,,,,,,,,,,,,,,,,
20097,1,20250830,20:00,IDHO,WSU,,,,,,,,,,,10,13,WSU,50.5,WSU,-16.5,,,,,,,,,,,,,,,,,,,,,,,
20098,1,20250830,20:30,CAL,ORST,,,,,,,,,27,25,34,15,CAL,48.5,CAL,-2.5,,,,,,,,,,,,,,,,,,,,,,,
20099,1,20250830,20:30,HAW,ARIZ,,,,,,,,,20,40,6,40,ARIZ,55.5,ARIZ,-15.5,,,,,,,,,,,,,,,,,,,,,,,
20100,1,20250830,21:00,UTAH,UCLA,,,,,,,,,18,20,43,10,UTAH,48.5,UTAH,-6.5,,,,,,,,,,,,,,,,,,,,,,,
20101,1,20250830,21:00,CSU,WASH,,,,,,,,,15,41,21,38,WASH,51.5,WASH,-22.5,,,,,,,,,,,,,,,,,,,,,,,
20102,1,20250831,13:00,VT,SCAR,,,,,,,,,21,28,11,25,SCAR,51.5,SCAR,-7.5,,,,,,,,,,,,,,,,,,,,,,,
20103,1,20250831,17:30,ND,MIA,,,,,,,,,38,23,24,27,ND,50.5,ND,-2.5,,,,,,,,,,,,,,,,,,,,,,,
20104,1,20250901,18:00,TCU,UNC,,,,,,,,,35,34,48,14,TCU,54.5,TCU,-3.5,,,,,,,,,,,,,,,,,,,,,,,
20105,2,20250905,17:00,JMU,LOU,,,,,,,,,25,35,14,28,LOU,56.6,LOU,-15.5,,,,,,,,,,,,,,,,,,,,,,,
20106,2,20250905,17:30,WIU,NW,,,,,,,,,,,7,42,NW,48.5,NW,-30.5,,,,,,,,,,,,,,,,,,,,,,,
20107,2,20250905,17:30,NIU,UMD,,,,,,,,,21,34,9,20,UMD,44.5,UMD,-16.5,,,,,,,,,,,,,,,,,,,,,,,
20108,2,20250905,19:00,EWU,BSU,,,,,,,,,,,14,51,BSU,60.5,BSU,-33.5,,,,,,,,,,,,,,,,,,,,,,,
20109,2,20250906,10:00,SJSU,TEX,,,,,,,,,13,43,7,38,TEX,52.5,TEX,-36.5,,,,,,,,,,,,,,,,,,,,,,,
20110,2,20250906,10:00,FIU,PSU,,,,,,,,,11,53,0,34,PSU,53.5,PSU,-41.5,,,,,,,,,,,,,,,,,,,,,,,
20111,2,20250906,10:00,ILL,DUKE,,,,,,,,,24,26,45,19,ILL,49.5,ILL,-2.5,,,,,,,,,,,,,,,,,,,,,,,
20112,2,20250906,10:00,BAY,SMU,,,,,,,,,25,38,48,45,SMU,65.5,SMU,-2.5,,,,,,,,,,,,,,,,,,,,,,,
20113,2,20250906,10:00,KSW,IND,,,,,,,,,11,41,9,56,IND,51.5,IND,-35.5,,,,,,,,,,,,,,,,,,,,,,,
20114,2,20250906,10:00,IOWA,ISU,,,,,,,,,22,23,13,16,ISU,43.5,ISU,-3.5,,,,,,,,,,,,,,,,,,,,,,,
20115,2,20250906,10:00,KENT,TTU,,,,,,,,,11,59,14,62,TTU,59.5,TTU,-47.5,,,,,,,,,,,,,,,,,,,,,,,
20116,2,20250906,10:00,NWST,MINN,,,,,,,,,,,0,66,MINN,51.5,MINN,-42.5,,,,,,,,,,,,,,,,,,,,,,,
20117,2,20250906,10:00,UVA,NCST,,,,,,,,,28,29,31,35,NCST,52.5,NCST,-2.5,,,,,,,,,,,,,,,,,,,,,,,
20118,2,20250906,10:00,CMU,PITT,,,,,,,,,18,35,17,45,PITT,48.5,PITT,-21.5,,,,,,,,,,,,,,,,,,,,,,,
20119,2,20250906,10:00,CONN,SYR,,,,,,,,,24,35,20,27,SYR,57.5,SYR,-7.5,,,,,,,,,,,,,,,,,,,,,,,
20120,2,20250906,10:00,ETAM,FSU,,,,,,,,,,,3,77,FSU,56.5,FSU,-43.5,,,,,,,,,,,,,,,,,,,,,,,
20121,2,20250906,10:00,LIB,JVST,,,,,,,,,32,27,24,34,LIB,50.5,LIB,-6.5,,,,,,,,,,,,,,,,,,,,,,,
20122,2,20250906,10:45,USU,TAMU,,,,,,,,,17,59,22,44,TAMU,57.5,TAMU,-34.5,,,,,,,,,,,,,,,,,,,,,,,
20123,2,20250906,14:25,WCU,WAKE,,,,,,,,,,,10,42,WAKE,59.5,WAKE,-17.5,,,,,,,,,,,,,,,,,,,,,,,
20124,2,20250906,12:00,HOW,TEM,,,,,,,,,,,7,55,TEM,45.5,TEM,-27.5,,,,,,,,,,,,,,,,,,,,,,,
20125,2,20250906,13:00,IDST,UNM,,,,,,,,,,,22,32,UNM,60.5,UNM,-17.5,,,,,,,,,,,,,,,,,,,,,,,
20126,2,20250906,13:30,GRAM,OSU,,,,,,,,,,,0,70,OSU,64.5,OSU,-51.5,,,,,,,,,,,,,,,,,,,,,,,
20127,2,20250906,13:30,TROY,CLEM,,,,,,,,,16,36,16,27,CLEM,51.5,CLEM,-29.5,,,,,,,,,,,,,,,,,,,,,,,
20128,2,20250906,12:30,PEAY,UGA,,,,,,,,,,,6,28,UGA,56.5,UGA,-46.5,,,,,,,,,,,,,,,,,,,,,,,
20129,2,20250906,13:30,OKST,ORE,,,,,,,,,18,50,3,69,ORE,55.5,ORE,-28.5,,,,,,,,,,,,,,,,,,,,,,,
20130,2,20250906,13:30,MISS,UK,,,,,,,,,32,17,30,23,MISS,51.5,MISS,-7.5,,,,,,,,,,,,,,,,,,,,,,,
20131,2,20250906,13:30,ETNST,TENN,,,,,,,,,,,17,72,TENN,58.5,TENN,-40.5,,,,,,,,,,,,,,,,,,,,,,,
20132,2,20250906,13:30,KU,MIZZ,,,,,,,,,23,38,31,42,MIZZ,49.5,MIZZ,-6.5,,,,,,,,,,,,,,,,,,,,,,,
20133,2,20250906,14:30,M-OH,RUTG,,,,,,,,,16,27,17,45,RUTG,45.5,RUTG,-15.5,,,,,,,,,,,,,,,,,,,,,,,
20134,2,20250906,13:30,FRES,ORST,,,,,,,,,22,28,36,27,ORST,44.5,ORST,-1.5,,,,,,,,,,,,,,,,,,,,,,,
20135,2,20250906,13:30,WEBB,GT,,,,,,,,,,,12,59,GT,58.5,GT,-37.5,,,,,,,,,,,,,,,,,,,,,,,
20136,2,20250906,13:30,BGSU,CIN,,,,,,,,,19,31,20,34,CIN,46.5,CIN,-21.5,,,,,,,,,,,,,,,,,,,,,,,
20137,2,20250906,13:30,DEL,COLO,,,,,,,,,17,34,7,31,COLO,49.5,COLO,-23.5,,,,,,,,,,,,,,,,,,,,,,,
20138,2,20250906,13:30,Linden,APP,,,,,,,,,,,13,20,APP,54.5,APP,-29.5,,,,,,,,,,,,,,,,,,,,,,,
20139,2,20250906,13:30,TXST,UTSA,,,,,,,,,35,37,43,36,UTSA,64.5,UTSA,-4.5,,,,,,,,,,,,,,,,,,,,,,,
20140,2,20250906,13:30,UAB,NAVY,,,,,,,,,20,37,24,38,NAVY,58.5,NAVY,-22.5,,,,,,,,,,,,,,,,,,,,,,,
20141,2,20250906,13:30,UNT,WMU,,,,,,,,,42,27,33,30,UNT,56.5,UNT,-12.5,,,,,,,,,,,,,,,,,,,,,,,
20142,2,20250906,13:30,SFU,BUFF,,,,,,,,,,,6,45,BUFF,48.5,BUFF,-37.5,,,,,,,,,,,,,,,,,,,,,,,
20143,2,20250906,15:30,BRY,UMASS,,,,,,,,,,,27,26,UMASS,52.5,UMASS,-16.5,,,,,,,,,,,,,,,,,,,,,,,
20144,2,20250906,14:00,MTSU,WIS,,,,,,,,,11,34,10,42,WIS,44.5,WIS,-28.5,,,,,,,,,,,,,,,,,,,,,,,
20145,2,20250906,14:00,WVU,OHIO,,,,,,,,,27,28,10,17,WVU,58.5,WVU,-3.5,,,,,,,,,,,,,,,,,,,,,,,
20146,2,20250906,14:00,UNI,WYO,,,,,,,,,,,7,31,WYO,45.5,WYO,-13.5,,,,,,,,,,,,,,,,,,,,,,,
20147,2,20250906,14:15,USF,FLA,,,,,,,,,19,38,18,16,FLA,58.5,FLA,-18.5,,,,,,,,,,,,,,,,,,,,,,,
20148,2,20250906,15:00,ARST,ARK,,,,,,,,,20,42,14,56,ARK,61.5,ARK,-24.5,,,,,,,,,,,,,,,,,,,,,,,
20149,2,20250906,15:00,SAC,NEV,,,,,,,,,,,17,20,NEV,55.5,NEV,-9.5,,,,,,,,,,,,,,,,,,,,,,,
20150,2,20250906,15:00,JKST,USM,,,,,,,,,,,20,38,USM,52.5,USM,-13.5,,,,,,,,,,,,,,,,,,,,,,,
20151,2,20250906,16:00,TXSO,CAL,,,,,,,,,,,3,35,CAL,54.5,CAL,-44.5,,,,,,,,,,,,,,,,,,,,,,,
20152,2,20250906,16:00,CP,UTAH,,,,,,,,,,,9,63,UTAH,52.5,UTAH,-42.5,,,,,,,,,,,,,,,,,,,,,,,
20153,2,20250906,16:00,MOST,MRSH,,,,,,,,,22,35,21,20,MRSH,53.5,MRSH,-7.5,,,,,,,,,,,,,,,,,,,,,,,
20154,2,20250906,16:00,NCCU,ODU,,,,,,,,,,,6,54,ODU,48.5,ODU,-21.5,,,,,,,,,,,,,,,,,,,,,,,
20155,2,20250906,16:00,CAMP,ECU,,,,,,,,,,,3,56,ECU,55.5,ECU,-30.5,,,,,,,,,,,,,,,,,,,,,,,
20156,2,20250906,16:00,FAMU,FAU,,,,,,,,,,,14,56,FAU,50.5,FAU,-21.5,,,,,,,,,,,,,,,,,,,,,,,
20157,2,20250906,17:00,COOK,MIA,,,,,,,,,,,3,45,MIA,64.5,MIA,-54.5,,,,,,,,,,,,,,,,,,,,,,,
20158,2,20250906,17:00,SCST,SCAR,,,,,,,,,,,10,38,SCAR,54.5,SCAR,-42.5,,,,,,,,,,,,,,,,,,,,,,,
20159,2,20250906,17:00,ARMY,KSU,,,,,,,,,20,32,24,21,KSU,48.5,KSU,-16.5,,,,,,,,,,,,,,,,,,,,,,,
20160,2,20250906,17:00,UNC,CHAR,,,,,,,,,41,21,20,3,UNC,49.5,UNC,-16.5,,,,,,,,,,,,,,,,,,,,,,,
20161,2,20250906,17:00,HOU,RICE,,,,,,,,,22,19,35,9,HOU,38.5,HOU,-13.5,,,,,,,,,,,,,,,,,,,,,,,
20162,2,20250906,17:00,NCAT,UCF,,,,,,,,,,,7,68,UCF,51.5,UCF,-37,,,,,,,,,,,,,,,,,,,,,,,
20163,2,20250906,17:00,WKU,TOL,,,,,,,,,25,27,21,45,TOL,56.5,TOL,-7.5,,,,,,,,,,,,,,,,,,,,,,,
20164,2,20250906,17:00,UNCO,CSU,,,,,,,,,,,17,21,CSU,52.5,CSU,-34.5,,,,,,,,,,,,,,,,,,,,,,,
20165,2,20250906,17:00,MEM,GAST,,,,,,,,,45,22,38,16,MEM,57.5,MEM,-15.5,,,,,,,,,,,,,,,,,,,,,,,
20166,2,20250906,17:00,TULN,USA,,,,,,,,,27,23,33,31,TULN,51.5,TULN,-13.5,,,,,,,,,,,,,,,,,,,,,,,
20167,2,20250906,17:00,LIU,EMU,,,,,,,,,,,28,23,EMU,53.5,EMU,-21.5,,,,,,,,,,,,,,,,,,,,,,,
20168,2,20250906,17:30,LT,LSU,,,,,,,,,15,52,7,23,LSU,49.5,LSU,-36.5,,,,,,,,,,,,,,,,,,,,,,,
20169,2,20250906,17:30,ASU,MSST,,,,,,,,,30,24,20,24,ASU,58.5,ASU,-5.5,,,,,,,,,,,,,,,,,,,,,,,
20170,2,20250906,17:30,MICH,OKLA,,,,,,,,,23,25,13,24,OKLA,44.5,OKLA,-3.5,,,,,,,,,,,,,,,,,,,,,,,
20171,2,20250906,17:30,BALL,AUB,,,,,,,,,9,52,3,42,AUB,52.5,AUB,-42.5,,,,,,,,,,,,,,,,,,,,,,,
20172,2,20250906,17:30,VAN,VT,,,,,,,,,27,28,44,20,VT,46.5,VT,-2.5,,,,,,,,,,,,,,,,,,,,,,,
20173,2,20250906,17:30,AKR,NEB,,,,,,,,,9,39,0,68,NEB,47.5,NEB,-33.5,,,,,,,,,,,,,,,,,,,,,,,
20174,2,20250906,17:30,GASO,USC,,,,,,,,,23,55,20,59,USC,62.5,USC,-28.5,,,,,,,,,,,,,,,,,,,,,,,
20175,2,20250906,17:30,BC,MSU,,,,,,,,,20,22,40,42,MSU,45.4,MSU,-3.5,,,,,,,,,,,,,,,,,,,,,,,
20176,2,20250906,17:30,SIU,PUR,,,,,,,,,,,17,34,PUR,52.5,PUR,-22.5,,,,,,,,,,,,,,,,,,,,,,,
20177,2,20250906,17:30,CHSO,CCAR,,,,,,,,,,,0,13,CCAR,48.5,CCAR,-27.5,,,,,,,,,,,,,,,,,,,,,,,
20178,2,20250906,17:45,ULM,BAMA,,,,,,,,,8,48,0,73,BAMA,50.5,BAMA,-34.5,,,,,,,,,,,,,,,,,,,,,,,
20179,2,20250906,18:00,UCLA,UNLV,,,,,,,,,21,31,23,30,UCLA,54.5,UCLA,-2.5,,,,,,,,,,,,,,,,,,,,,,,
20180,2,20250906,18:00,MCNS,LA,,,,,,,,,,,10,34,LA,49.5,LA,-19.5,,,,,,,,,,,,,,,,,,,,,,,
20181,2,20250906,19:00,TLSA,NMSU,,,,,,,,,27,34,14,21,TLSA,53.5,TLSA,-3.5,,,,,,,,,,,,,,,,,,,,,,,
20182,2,20250906,19:00,UTM,UTEP,,,,,,,,,,,17,42,UTEP,49.5,UTEP,-7.5,,,,,,,,,,,,,,,,,,,,,,,
20183,2,20250906,20:00,WEB,ARIZ,,,,,,,,,,,3,48,ARIZ,56.5,ARIZ,-31.5,,,,,,,,,,,,,,,,,,,,,,,
20184,2,20250906,20:15,SDSU,WSU,,,,,,,,,21,36,13,36,WSU,46.5,WSU,-2.5,,,,,,,,,,,,,,,,,,,,,,,
20185,2,20250906,20:15,STAN,BYU,,,,,,,,,18,36,3,27,BYU,43.5,BYU,-20.5,,,,,,,,,,,,,,,,,,,,,,,
20186,2,20250906,21:00,UCD,WASH,,,,,,,,,,,10,70,WASH,54.5,WASH,-29.5,,,,,,,,,,,,,,,,,,,,,,,
20187,2,20250906,21:59,SHSU,HAW,,,,,,,,,28,21,20,37,HAW,48.5,HAW,-7.5,,,,,,,,,,,,,,,,,,,,,,,
20188,3,20250911,17:30,NCST,WAKE,,,,,,,,,28,24,34,24,NCST,52.5,NCST,-7.5,,,,,,,,,,,,,,,,,,,,,,,
20189,3,20250912,16:30,INST,IND,,,,,,,,,,,73,0,IND,60.5,IND,-47.5,,,,,,,,,,,,,,,,,,,,,,,
20190,3,20250912,17:00,COLG,SYR,,,,,,,,,,,24,66,SYR,64.5,SYR,-37.5,,,,,,,,,,,,,,,,,,,,,,,
20191,3,20250912,17:30,COLO,HOU,,,,,,,,,23,20,20,36,HOU,45.5,HOU,-3.5,,,,,,,,,,,,,,,,,,,,,,,
20192,3,20250912,19:00,KSU,ARIZ,,,,,,,,,31,29,17,23,KSU,56.5,KSU,-1.5,,,,,,,,,,,,,,,,,,,,,,,
20193,3,20250912,20:00,UNM,UCLA,,,,,,,,,21,43,35,10,UCLA,52.5,UCLA,-15.5,,,,,,,,,,,,,,,,,,,,,,,
20194,3,20250913,10:00,ORE,NW,,,,,,,,,41,13,34,14,ORE,50.5,ORE,-27.5,,,,,,,,,,,,,,,,,,,,,,,
20195,3,20250913,10:00,CLEM,GT,,,,,,,,,29,24,21,24,CLEM,49.5,CLEM,-2.5,,,,,,,,,,,,,,,,,,,,,,,
20196,3,20250913,10:00,OKLA,TEM,,,,,,,,,50,14,42,3,OKLA,51.5,OKLA,-24.5,,,,,,,,,,,,,,,,,,,,,,,
20197,3,20250913,10:00,WIS,BAMA,,,,,,,,,15,31,14,38,BAMA,45.5,BAMA,-18.5,,,,,,,,,,,,,,,,,,,,,,,
20198,3,20250913,10:00,CMU,MICH,,,,,,,,,10,48,3,63,MICH,42.5,MICH,-27.5,,,,,,,,,,,,,,,,,,,,,,,
20199,3,20250913,10:00,HCU,NEB,,,,,,,,,,,7,59,NEB,57.5,NEB,-46.5,,,,,,,,,,,,,,,,,,,,,,,
20200,3,20250913,10:00,TOWS,UMD,,,,,,,,,,,17,44,UMD,53.5,UMD,-28.5,,,,,,,,,,,,,,,,,,,,,,,
20201,3,20250913,10:00,WMRY,UVA,,,,,,,,,,,16,55,UVA,52.5,UVA,-29.5,,,,,,,,,,,,,,,,,,,,,,,
20202,3,20250913,10:00,SAM,BAY,,,,,,,,,,,7,42,BAY,64.5,BAY,-52.5,,,,,,,,,,,,,,,,,,,,,,,
20203,3,20250913,10:00,MEM,TROY,,,,,,,,,39,23,28,7,MEM,51.5,MEM,-4.5,,,,,,,,,,,,,,,,,,,,,,,
20204,3,20250913,10:00,BUFF,KENT,,,,,,,,,38,14,31,28,BUFF,47.5,BUFF,-24.5,,,,,,,,,,,,,,,,,,,,,,,
20205,3,20250913,10:45,USA,AUB,,,,,,,,,17,37,15,31,AUB,55.5,AUB,-25.5,,,,,,,,,,,,,,,,,,,,,,,
20206,3,20250913,12:00,UNH,BALL,,,,,,,,,,,29,34,BALL,46.5,BALL,-2.5,,,,,,,,,,,,,,,,,,,,,,,
20207,3,20250913,13:00,CONN,DEL,,,,,,,,,28,19,41,44,CONN,51.5,CONN,-9.5,,,,,,,,,,,,,,,,,,,,,,,
20208,3,20250913,13:30,NOVA,PSU,,,,,,,,,,,6,52,PSU,56.5,PSU,-47.5,,,,,,,,,,,,,,,,,,,,,,,
20209,3,20250913,13:30,UGA,TENN,,,,,,,,,30,25,44,41,UGA,50.5,UGA,-2.5,,,,,,,,,,,,,,,,,,,,,,,
20210,3,20250913,13:30,ORST,TTU,,,,,,,,,26,39,14,45,TTU,61.5,TTU,-23.5,,,,,,,,,,,,,,,,,,,,,,,
20211,3,20250913,16:45,USC,PUR,,,,,,,,,45,17,33,17,USC,59.5,USC,-20.5,,,,,,,,,,,,,,,,,,,,,,,
20212,3,20250913,13:30,NORF,RUTG,,,,,,,,,,,10,60,RUTG,55.5,RUTG,-45.5,,,,,,,,,,,,,,,,,,,,,,,
20213,3,20250913,13:30,YSU,MSU,,,,,,,,,,,24,41,MSU,56.5,MSU,-27.5,,,,,,,,,,,,,,,,,,,,,,,
20214,3,20250913,13:30,WSU,UNT,,,,,,,,,36,35,10,59,UNT,58.5,UNT,-5.5,,,,,,,,,,,,,,,,,,,,,,,
20215,3,20250913,13:30,SMU,MOST,,,,,,,,,51,13,28,10,SMU,59.5,SMU,-27.5,,,,,,,,,,,,,,,,,,,,,,,
20216,3,20250913,13:30,PITT,WVU,,,,,,,,,26,29,24,31,PITT,54.5,PITT,-6.5,,,,,,,,,,,,,,,,,,,,,,,
20217,3,20250913,13:30,RICH,UNC,,,,,,,,,,,6,41,UNC,47.5,UNC,-24.5,,,,,,,,,,,,,,,,,,,,,,,
20218,3,20250913,13:30,NWST,CIN,,,,,,,,,,,0,70,CIN,56.5,CIN,-49.5,,,,,,,,,,,,,,,,,,,,,,,
20219,3,20250913,13:30,IW,UTSA,,,,,,,,,,,20,48,UTSA,62.5,UTSA,-21.5,,,,,,,,,,,,,,,,,,,,,,,
20220,3,20250913,13:30,MORG,TOL,,,,,,,,,,,0,60,TOL,54.5,TOL,-33.5,,,,,,,,,,,,,,,,,,,,,,,
20221,3,20250913,14:00,ISU,ARST,,,,,,,,,43,18,24,16,ARST,55.5,ARST,-20.5,,,,,,,,,,,,,,,,,,,,,,,
20222,3,20250913,11:00,LA,MIZZ,,,,,,,,,18,48,10,52,MIZZ,46.5,MIZZ,-27.5,,,,,,,,,,,,,,,,,,,,,,,
20223,3,20250913,14:15,UTEP,TEX,,,,,,,,,9,53,10,27,TEX,52.5,TEX,-40.5,,,,,,,,,,,,,,,,,,,,,,,
20224,3,20250913,14:30,USF,MIA,,,,,,,,,25,43,12,49,MIA,56.5,MIA,-17.5,,,,,,,,,,,,,,,,,,,,,,,
20225,3,20250913,15:00,LIB,BGSU,,,,,,,,,37,23,13,23,LIB,51.5,LIB,-6.5,,,,,,,,,,,,,,,,,,,,,,,
20226,3,20250913,15:00,MTSU,NEV,,,,,,,,,23,25,14,13,NEV,49.5,NEV,-9.5,,,,,,,,,,,,,,,,,,,,,,,
20227,3,20250913,16:00,ALCN,MSST,,,,,,,,,,,0,63,MSST,54.5,MSST,-42.5,,,,,,,,,,,,,,,,,,,,,,,
20228,3,20250913,18:30,FIU,FAU,,,,,,,,,24,27,28,38,FIU,56.5,FIU,-1.5,,,,,,,,,,,,,,,,,,,,,,,
20229,3,20250913,16:00,MACK,KSW,,,,,,,,,,,13,27,KSW,44.5,KSW,-17.5,,,,,,,,,,,,,,,,,,,,,,,
20230,3,20250913,16:00,EKY,MRSH,,,,,,,,,,,7,38,MRSH,51.5,MRSH,-17.5,,,,,,,,,,,,,,,,,,,,,,,
20231,3,20250913,16:00,MONM,CHAR,,,,,,,,,,,35,42,CHAR,65.6,CHAR,-2.5,,,,,,,,,,,,,,,,,,,,,,,
20232,3,20250913,17:00,OHIO,OSU,,,,,,,,,12,35,9,37,OHIO,49.5,OHIO,-28.5,,,,,,,,,,,,,,,,,,,,,,,
20233,3,20250913,17:00,WMU,ILL,,,,,,,,,15,48,0,38,ILL,50.5,ILL,-27.5,,,,,,,,,,,,,,,,,,,,,,,
20234,3,20250913,17:00,ARK,MISS,,,,,,,,,20,39,35,41,MISS,60.5,MISS,-4.5,,,,,,,,,,,,,,,,,,,,,,,
20235,3,20250913,17:00,ODU,VT,,,,,,,,,24,31,45,26,VT,50.5,VT,-5.5,,,,,,,,,,,,,,,,,,,,,,,
20236,3,20250913,17:00,JVST,GASO,,,,,,,,,30,28,34,41,GASO,57.5,GASO,-3.5,,,,,,,,,,,,,,,,,,,,,,,
20237,3,20250913,17:00,MURR,GAST,,,,,,,,,,,21,37,GAST,63.5,GAST,-31.5,,,,,,,,,,,,,,,,,,,,,,,
20238,3,20250913,17:00,APP,USM,,,,,,,,,34,27,22,38,APP,56.5,APP,-2.5,,,,,,,,,,,,,,,,,,,,,,,
20239,3,20250913,17:00,PVAM,RICE,,,,,,,,,,,17,38,RICE,48.5,RICE,-29.5,,,,,,,,,,,,,,,,,,,,,,,
20240,3,20250913,17:30,FLA,LSU,,,,,,,,,23,34,10,20,LSU,47.5,LSU,-5.5,,,,,,,,,,,,,,,,,,,,,,,
20241,3,20250913,17:30,TAMU,ND,,,,,,,,,23,30,41,40,ND,48.5,ND,-7.5,,,,,,,,,,,,,,,,,,,,,,,
20242,3,20250913,17:30,EMU,UK,,,,,,,,,15,39,23,48,UK,50.5,UK,-26.5,,,,,,,,,,,,,,,,,,,,,,,
20243,3,20250913,17:30,UMASS,IOWA,,,,,,,,,12,46,7,47,IOWA,44.5,IOWA,-35.5,,,,,,,,,,,,,,,,,,,,,,,
20244,3,20250913,17:30,NMSU,LT,,,,,,,,,25,27,14,49,LT,42.5,LT,-10.5,,,,,,,,,,,,,,,,,,,,,,,
20245,3,20250913,17:30,ECU,CCAR,,,,,,,,,27,26,38,0,ECU,56.5,ECU,-7.5,,,,,,,,,,,,,,,,,,,,,,,
20246,3,20250913,17:45,VAN,SCAR,,,,,,,,,19,29,31,7,SCAR,48.5,SCAR,-2.5,,,,,,,,,,,,,,,,,,,,,,,
20247,3,20250913,18:00,UTAH,WYO,,,,,,,,,27,15,31,6,UTAH,47.5,UTAH,-24.5,,,,,,,,,,,,,,,,,,,,,,,
20248,3,20250913,18:00,DUKE,TULN,,,,,,,,,23,26,27,34,DUKE,53.5,DUKE,-1.5,,,,,,,,,,,,,,,,,,,,,,,
20249,3,20250913,18:00,ACU,TCU,,,,,,,,,,,21,42,TCU,58.5,TCU,-41.5,,,,,,,,,,,,,,,,,,,,,,,
20250,3,20250913,18:00,NAVY,TLSA,,,,,,,,,31,17,42,23,NAVY,53.5,NAVY,-13.5,,,,,,,,,,,,,,,,,,,,,,,
20251,3,20250913,18:30,AKR,UAB,,,,,,,,,22,37,28,31,UAB,59.5,UAB,-13.5,,,,,,,,,,,,,,,,,,,,,,,
20252,3,20250913,19:45,AFA,USU,,,,,,,,,33,30,30,49,AFA,51.5,AFA,-3.5,,,,,,,,,,,,,,,,,,,,,,,
20253,3,20250913,20:00,SOU,FRES,,,,,,,,,,,7,56,FRES,50.5,FRES,-35.5,,,,,,,,,,,,,,,,,,,,,,,
20254,3,20250913,20:30,MINN,CAL,,,,,,,,,23,25,14,27,MINN,39.5,MINN,-3.5,,,,,,,,,,,,,,,,,,,,,,,
20255,3,20250913,20:30,BC,STAN,,,,,,,,,30,22,20,30,BC,46.5,BC,-13.5,,,,,,,,,,,,,,,,,,,,,,,
20256,3,20250913,20:30,TXST,ASU,,,,,,,,,28,37,15,34,ASU,61.5,ASU,-18.5,,,,,,,,,,,,,,,,,,,,,,,
20257,3,20250913,21:59,PRST,HAW,,,,,,,,,6,23,3,23,HAW,54.5,HAW,-36.5,,,,,,,,,,,,,,,,,,,,,,,
20258,4,20250918,17:30,RICE,CHAR,,,,,,,,,25,19,28,17,RICE,41.5,RICE,-1.5,,,,,,,,,,,,,,,,,,,,,,,
20259,4,20250918,17:30,TLSA,OKST,,,,,,,,,22,41,19,12,OKST,54.5,OKST,-13.5,,,,,,,,,,,,,,,,,,,,,,,
20260,4,20250918,18:00,IOWA,RUTG,,,,,,,,,24,22,38,28,IOWA,46.5,IOWA,-2.5,,,,,,,,,,,,,,,,,,,,,,,
20261,4,20250919,10:00,TTU,UTAH,,,,,,,,,25,28,34,10,UTAH,58.5,UTAH,-3.5,,,,,,,,,,,,,,,,,,,,,,,
20262,4,20250919,10:00,ARK,MEM,,,,,,,,,32,33,31,32,ARK,59.5,ARK,-7.5,,,,,,,,,,,,,,,,,,,,,,,
20263,4,20250919,10:00,UMD,WIS,,,,,,,,,22,25,27,10,WIS,44.5,WIS,-10.5,,,,,,,,,,,,,,,,,,,,,,,
20264,4,20250919,10:00,SYR,CLEM,,,,,,,,,19,34,34,21,CLEM,53.5,CLEM,-17.5,,,,,,,,,,,,,,,,,,,,,,,
20265,4,20250919,10:00,WOF,VT,,,,,,,,,,,6,38,VT,51.5,VT,-34.5,,,,,,,,,,,,,,,,,,,,,,,
20266,4,20250919,10:00,SMU,TCU,,,,,,,,,33,29,24,35,TCU,63.5,TCU,-6.5,,,,,,,,,,,,,,,,,,,,,,,
20267,4,20250919,10:00,BGSU,LOU,,,,,,,,,16,45,17,40,LOU,50.5,LOU,-25.5,,,,,,,,,,,,,,,,,,,,,,,
20268,4,20250919,10:00,UNLV,M-OH,,,,,,,,,30,20,41,38,UNLV,49.5,UNLV,-1.5,,,,,,,,,,,,,,,,,,,,,,,
20269,4,20250919,10:00,UNT,ARMY,,,,,,,,,31,32,45,38,UNT,50.5,UNT,-2.5,,,,,,,,,,,,,,,,,,,,,,,
20270,4,20250919,10:00,SCST,USF,,,,,,,,,,,14,63,USF,58.5,USF,-35.5,,,,,,,,,,,,,,,,,,,,,,,
20271,4,20250919,10:45,UAB,TENN,,,,,,,,,18,62,24,56,TENN,68.5,TENN,-38.5,,,,,,,,,,,,,,,,,,,,,,,
20272,4,20250919,11:00,WAG,CMU,,,,,,,,,,,10,49,CMU,46.5,CMU,-30.5,,,,,,,,,,,,,,,,,,,,,,,
20273,4,20250919,13:00,ORST,ORE,,,,,,,,,16,51,7,41,ORE,58.5,ORE,-34.5,,,,,,,,,,,,,,,,,,,,,,,
20274,4,20250919,13:30,KENT,FSU,,,,,,,,,9,49,10,66,FSU,56.5,FSU,-45.5,,,,,,,,,,,,,,,,,,,,,,,
20275,4,20250919,13:30,AUB,OKLA,,,,,,,,,21,26,17,24,OKLA,47.5,OKLA,-6.5,,,,,,,,,,,,,,,,,,,,,,,
20276,4,20250919,13:30,TULN,MISS,,,,,,,,,16,40,10,45,MISS,61.5,MISS,-11.5,,,,,,,,,,,,,,,,,,,,,,,
20277,4,20250919,13:30,MICH,NEB,,,,,,,,,25,19,30,27,MICH,48.5,MICH,-1.5,,,,,,,,,,,,,,,,,,,,,,,
20278,4,20250919,13:30,PUR,ND,,,,,,,,,11,43,30,56,ND,51.5,ND,-24.5,,,,,,,,,,,,,,,,,,,,,,,
20279,4,20250919,13:30,UNC,UCF,,,,,,,,,30,29,9,34,UCF,45.5,UCF,-7.5,,,,,,,,,,,,,,,,,,,,,,,
20280,4,20250919,13:30,BALL,CONN,,,,,,,,,16,38,25,31,CONN,53.5,CONN,-20.5,,,,,,,,,,,,,,,,,,,,,,,
20281,4,20250919,13:30,JMU,LIB,,,,,,,,,35,27,31,13,JMU,46.5,JMU,-7.5,,,,,,,,,,,,,,,,,,,,,,,
20282,4,20250919,13:30,LA,EMU,,,,,,,,,36,23,31,34,LA,51.5,LA,-1.5,,,,,,,,,,,,,,,,,,,,,,,
20283,4,20250919,13:30,TROY,BUFF,,,,,,,,,26,25,21,17,BUFF,43.5,BUFF,-6.5,,,,,,,,,,,,,,,,,,,,,,,
20284,4,20250919,13:30,TOL,WMU,,,,,,,,,34,20,13,14,TOL,48.5,TOL,-11.5,,,,,,,,,,,,,,,,,,,,,,,
20285,4,20250919,13:30,WEBB,OHIO,,,,,,,,,,,35,52,OHIO,54.5,OHIO,-29.5,,,,,,,,,,,,,,,,,,,,,,,
20286,4,20250919,14:00,NCST,DUKE,,,,,,,,,25,30,33,45,DUKE,57.5,DUKE,-3.5,,,,,,,,,,,,,,,,,,,,,,,
20287,4,20250919,14:15,NIU,MSST,,,,,,,,,19,32,10,38,MSST,48.5,MSST,-24.5,,,,,,,,,,,,,,,,,,,,,,,
20288,4,20250919,14:30,TEM,GT,,,,,,,,,16,48,24,45,GT,52.5,GT,-24.5,,,,,,,,,,,,,,,,,,,,,,,
20289,4,20250919,15:00,IDHO,SJSU,,,,,,,,,,,28,31,SJSU,51.5,SJSU,-13.5,,,,,,,,,,,,,,,,,,,,,,,
20290,4,20250919,16:00,WVU,KU,,,,,,,,,25,31,10,41,KU,54.5,KU,-13.5,,,,,,,,,,,,,,,,,,,,,,,
20291,4,20250919,16:00,DEL,FIU,,,,,,,,,24,26,38,16,FIU,54.5,FIU,-5.5,,,,,,,,,,,,,,,,,,,,,,,
20292,4,20250919,16:00,ARST,KSW,,,,,,,,,28,21,21,28,ARST,58.5,ARST,-4.5,,,,,,,,,,,,,,,,,,,,,,,
20293,4,20250919,16:00,DUQ,AKR,,,,,,,,,,,7,51,AKR,51.5,AKR,-10.5,,,,,,,,,,,,,,,,,,,,,,,
20294,4,20250919,17:00,SCAR,MIZZ,,,,,,,,,19,31,20,29,MIZZ,48.5,MIZZ,-10.5,,,,,,,,,,,,,,,,,,,,,,,
20295,4,20250919,17:00,MURR,JVST,,,,,,,,,,,10,45,JVST,60.5,JVST,-35.5,,,,,,,,,,,,,,,,,,,,,,,
20296,4,20250919,17:00,MRSH,MTSU,,,,,,,,,30,19,42,28,MRSH,45.5,MRSH,-2.5,,,,,,,,,,,,,,,,,,,,,,,
20297,4,20250919,17:00,UTM,MOST,,,,,,,,,,,10,42,MOST,54.5,MOST,-14.5,,,,,,,,,,,,,,,,,,,,,,,
20298,4,20250919,17:00,NEV,WKU,,,,,,,,,18,32,16,31,WKU,54.5,WKU,-7.5,,,,,,,,,,,,,,,,,,,,,,,
20299,4,20250919,17:00,BSU,AFA,,,,,,,,,38,23,49,37,BSU,51.5,BSU,-11.5,,,,,,,,,,,,,,,,,,,,,,,
20300,4,20250919,17:00,MNE,GASO,,,,,,,,,,,17,45,GASO,57.5,GASO,-20.5,,,,,,,,,,,,,,,,,,,,,,,
20301,4,20250919,17:00,CCAR,USA,,,,,,,,,20,35,38,20,USA,52.5,USA,-14.5,,,,,,,,,,,,,,,,,,,,,,,
20302,4,20250919,17:30,FLA,MIA,,,,,,,,,28,31,7,26,MIA,51.5,MIA,-8.5,,,,,,,,,,,,,,,,,,,,,,,
20303,4,20250919,17:30,ILL,IND,,,,,,,,,25,30,10,63,IND,50.5,IND,-7.5,,,,,,,,,,,,,,,,,,,,,,,
20304,4,20250919,17:30,GAST,VAN,,,,,,,,,17,42,21,70,VAN,52.5,VAN,-26.5,,,,,,,,,,,,,,,,,,,,,,,
20305,4,20250919,17:30,WASH,WSU,,,,,,,,,41,19,59,24,WASH,52.5,WASH,-20.5,,,,,,,,,,,,,,,,,,,,,,,
20306,4,20250919,17:30,STAN,UVA,,,,,,,,,19,35,20,48,UVA,49.5,UVA,-16.5,,,,,,,,,,,,,,,,,,,,,,,
20307,4,20250919,17:30,ASU,BAY,,,,,,,,,29,30,27,24,BAY,61.5,BAY,-1.5,,,,,,,,,,,,,,,,,,,,,,,
20308,4,20250919,17:30,BYU,ECU,,,,,,,,,28,21,34,13,BYU,49.5,BYU,-5.5,,,,,,,,,,,,,,,,,,,,,,,
20309,4,20250919,17:30,USM,LT,,,,,,,,,22,29,20,30,LT,50.5,LT,-3.5,,,,,,,,,,,,,,,,,,,,,,,
20310,4,20250919,18:00,SELA,LSU,,,,,,,,,,,10,56,LSU,60.5,LSU,-48.5,,,,,,,,,,,,,,,,,,,,,,,
20311,4,20250919,18:00,SHSU,TEX,,,,,,,,,9,43,0,55,TEX,51.5,TEX,-39.5,,,,,,,,,,,,,,,,,,,,,,,
20312,4,20250919,18:00,MCNS,USU,,,,,,,,,,,7,48,USU,62.5,USU,-23.5,,,,,,,,,,,,,,,,,,,,,,,
20313,4,20250919,18:00,NICH,TXST,,,,,,,,,,,3,35,TXST,56.5,TXST,-32.5,,,,,,,,,,,,,,,,,,,,,,,
20314,4,20250919,19:00,ULM,UTEP,,,,,,,,,18,25,31,25,UTEP,46.5,UTEP,-5.5,,,,,,,,,,,,,,,,,,,,,,,
20315,4,20250919,19:30,UTSA,CSU,,,,,,,,,33,26,17,16,UTSA,58.5,UTSA,-5.5,,,,,,,,,,,,,,,,,,,,,,,
20316,4,20250919,20:15,WYO,COLO,,,,,,,,,17,28,20,37,COLO,45.5,COLO,-12.5,,,,,,,,,,,,,,,,,,,,,,,
20317,4,20250919,20:30,CAL,SDSU,,,,,,,,,39,16,0,34,CAL,45.5,CAL,-13.5,,,,,,,,,,,,,,,,,,,,,,,
20318,4,20250919,21:00,MSU,USC,,,,,,,,,17,41,31,45,USC,55.5,USC,-18.5,,,,,,,,,,,,,,,,,,,,,,,
20319,4,20250919,21:59,FRES,HAW,,,,,,,,,31,21,23,21,FRES,47.5,FRES,-2.5,,,,,,,,,,,,,,,,,,,,,,,
20327,5,20250925,17:30,ARMY,ECU,,,,,,,,,23,22,6,28,ECU,52.5,ECU,-3.5,,,,,,,,,,,,,,,,,,,,,,,
20328,5,20250926,17:00,FSU,UVA,,,,,,,,,28,25,38,46,FSU,60.5,FSU,-6.5,,,,,,,,,,,,,,,,,,,,,,,
20329,5,20250926,19:00,TCU,ASU,,,,,,,,,31,26,24,27,ASU,54.5,ASU,-2.5,,,,,,,,,,,,,,,,,,,,,,,
20330,5,20250926,20:30,HOU,ORST,,,,,,,,,27,21,27,24,HOU,48.5,HOU,-11.5,,,,,,,,,,,,,,,,,,,,,,,
20331,5,20250927,10:00,GT,WAKE,,,,,,,,,32,22,30,29,GT,53.5,GT,-11.5,,,,,,,,,,,,,,,,,,,,,,,
20332,5,20250927,10:00,USC,ILL,,,,,,,,,40,29,32,34,USC,62.5,USC,-6.5,,,,,,,,,,,,,,,,,,,,,,,
20333,5,20250927,10:00,ND,ARK,,,,,,,,,36,23,56,13,ND,62.5,ND,-5.5,,,,,,,,,,,,,,,,,,,,,,,
20334,5,20250927,10:00,RUTG,MINN,,,,,,,,,25,26,28,31,MINN,51.5,MINN,-3.5,,,,,,,,,,,,,,,,,,,,,,,
20335,5,20250927,10:00,DUKE,SYR,,,,,,,,,31,26,38,3,DUKE,59.5,DUKE,-3.5,,,,,,,,,,,,,,,,,,,,,,,
20336,5,20250927,10:00,LOU,PITT,,,,,,,,,35,22,34,27,LOU,52.5,LOU,-3.5,,,,,,,,,,,,,,,,,,,,,,,
20337,5,20250927,10:00,CIN,KU,,,,,,,,,23,34,37,34,KU,57.5,KU,-4.5,,,,,,,,,,,,,,,,,,,,,,,
20338,5,20250927,10:00,UCF,KSU,,,,,,,,,24,32,20,34,KSU,48.5,KSU,-5.5,,,,,,,,,,,,,,,,,,,,,,,
20339,5,20250927,10:00,USA,UNT,,,,,,,,,33,41,22,36,UNT,63.5,UNT,-11.5,,,,,,,,,,,,,,,,,,,,,,,
20340,5,20250927,10:00,BGSU,OHIO,,,,,,,,,19,29,20,35,OHIO,49.5,OHIO,-7.5,,,,,,,,,,,,,,,,,,,,,,,
20341,5,20250927,10:45,USU,VAN,,,,,,,,,22,50,35,55,VAN,58.5,VAN,-24.5,,,,,,,,,,,,,,,,,,,,,,,
20342,5,20250927,11:00,EMU,CMU,,,,,,,,,30,25,13,24,CMU,55.5,CMU,-3.5,,,,,,,,,,,,,,,,,,,,,,,
20343,5,20250927,11:30,GASO,JMU,,,,,,,,,24,43,10,35,JMU,54.5,JMU,-16.5,,,,,,,,,,,,,,,,,,,,,,,
20344,5,20250927,13:00,ARST,ULM,,,,,,,,,28,21,16,28,ULM,55.5,ULM,-1.5,,,,,,,,,,,,,,,,,,,,,,,
20345,5,20250927,13:30,OSU,WASH,,,,,,,,,27,22,24,6,OSU,53.5,OSU,-9.5,,,,,,,,,,,,,,,,,,,,,,,
20346,5,20250927,13:30,LSU,MISS,,,,,,,,,24,33,19,24,MISS,58.5,MISS,-3.5,,,,,,,,,,,,,,,,,,,,,,,
20347,5,20250927,13:30,AUB,TAMU,,,,,,,,,22,31,10,16,TAMU,51.5,TAMU,-6.5,,,,,,,,,,,,,,,,,,,,,,,
20348,5,20250927,13:30,IND,IOWA,,,,,,,,,25,26,20,15,IND,47.5,IND,-8.5,,,,,,,,,,,,,,,,,,,,,,,
20349,5,20250927,13:30,UCLA,NW,,,,,,,,,21,20,14,17,NW,46.5,NW,-6.5,,,,,,,,,,,,,,,,,,,,,,,
20350,5,20250927,13:30,CAL,BC,,,,,,,,,31,23,28,24,BC,54.5,BC,-6.5,,,,,,,,,,,,,,,,,,,,,,,
20351,5,20250927,13:30,BAY,OKST,,,,,,,,,34,29,45,27,BAY,58.5,BAY,-21.5,,,,,,,,,,,,,,,,,,,,,,,
20352,5,20250927,13:30,UTAH,WVU,,,,,,,,,25,21,48,14,UTAH,46.5,UTAH,-12.5,,,,,,,,,,,,,,,,,,,,,,,
20353,5,20250927,13:30,CONN,BUFF,,,,,,,,,28,29,20,17,CONN,51.5,CONN,-2.5,,,,,,,,,,,,,,,,,,,,,,,
20354,5,20250927,13:30,SDSU,NIU,,,,,,,,,21,27,6,3,SDSU,42.5,SDSU,-1.5,,,,,,,,,,,,,,,,,,,,,,,
20355,5,20250927,13:30,RICE,NAVY,,,,,,,,,17,30,13,21,NAVY,45.5,NAVY,-14.5,,,,,,,,,,,,,,,,,,,,,,,
20356,5,20250927,13:30,AKR,TOL,,,,,,,,,13,36,3,45,TOL,49.5,TOL,-22.5,,,,,,,,,,,,,,,,,,,,,,,
20357,5,20250927,13:30,Linden,M-OH,,,,,,,,,,,0,38,M-OH,49.5,M-OH,-22.5,,,,,,,,,,,,,,,,,,,,,,,
20358,5,20250927,14:00,NMSU,UNM,,,,,,,,,32,37,20,38,UNM,53.5,UNM,-17.5,,,,,,,,,,,,,,,,,,,,,,,
20359,5,20250927,14:00,TULN,TLSA,,,,,,,,,34,20,31,14,TULN,52.5,TULN,-14.5,,,,,,,,,,,,,,,,,,,,,,,
20360,5,20250927,14:10,HAW,AFA,,,,,,,,,24,33,44,35,AFA,52.5,AFA,-6.5,,,,,,,,,,,,,,,,,,,,,,,
20361,5,20250927,14:15,TENN,MSST,,,,,,,,,38,21,41,34,TENN,63.5,TENN,-7.5,,,,,,,,,,,,,,,,,,,,,,,
20362,5,20250927,16:00,MTSU,KSW,,,,,,,,,20,22,16,24,KSW,54.5,KSW,-7.5,,,,,,,,,,,,,,,,,,,,,,,
20363,5,20250927,16:00,LIB,ODU,,,,,,,,,26,31,7,21,ODU,53.5,ODU,-14.5,,,,,,,,,,,,,,,,,,,,,,,
20364,5,20250927,16:30,URI,WMU,,,,,,,,,,,14,47,WMU,44.5,WMU,-8.5,,,,,,,,,,,,,,,,,,,,,,,
20365,5,20250927,17:00,ARIZ,ISU,,,,,,,,,24,32,14,39,ISU,48.5,ISU,-4.5,,,,,,,,,,,,,,,,,,,,,,,
20366,5,20250927,17:00,VT,NCST,,,,,,,,,31,32,23,31,NCST,56.5,NCST,-10.5,,,,,,,,,,,,,,,,,,,,,,,
20367,5,20250927,17:00,JVST,USM,,,,,,,,,32,20,25,42,USM,55.5,USM,-5.5,,,,,,,,,,,,,,,,,,,,,,,
20368,5,20250927,17:00,WKU,MOST,,,,,,,,,30,22,27,22,WKU,59.5,WKU,-3.5,,,,,,,,,,,,,,,,,,,,,,,
20369,5,20250927,17:00,MEM,FAU,,,,,,,,,45,20,55,26,MEM,62.5,MEM,-13.5,,,,,,,,,,,,,,,,,,,,,,,
20370,5,20250927,17:30,ORE,PSU,,,,,,,,,27,28,30,24,PSU,52.5,PSU,-4.5,,,,,,,,,,,,,,,,,,,,,,,
20371,5,20250927,17:30,BAMA,UGA,,,,,,,,,27,28,24,21,UGA,52.5,UGA,-2.5,,,,,,,,,,,,,,,,,,,,,,,
20372,5,20250927,17:30,UMASS,MIZZ,,,,,,,,,11,64,6,42,MIZZ,56.5,MIZZ,-44.5,,,,,,,,,,,,,,,,,,,,,,,
20373,5,20250927,17:30,WSU,CSU,,,,,,,,,29,30,20,3,CSU,48.5,CSU,-4.5,,,,,,,,,,,,,,,,,,,,,,,
20374,5,20250927,17:30,SJSU,STAN,,,,,,,,,27,23,29,30,STAN,49.5,STAN,-3.5,,,,,,,,,,,,,,,,,,,,,,,
20375,5,20250927,17:30,APP,BSU,,,,,,,,,28,43,14,47,BSU,59.5,BSU,-17.5,,,,,,,,,,,,,,,,,,,,,,,
20376,5,20250927,17:45,UK,SCAR,,,,,,,,,20,25,13,35,SCAR,46.5,SCAR,-6.5,,,,,,,,,,,,,,,,,,,,,,,
20377,5,20250927,18:00,MRSH,LA,,,,,,,,,27,33,51,54,MRSH,48.5,MRSH,-1.5,,,,,,,,,,,,,,,,,,,,,,,
20378,5,20250927,19:00,LT,UTEP,,,,,,,,,30,21,30,11,LT,47.5,LT,-3.5,,,,,,,,,,,,,,,,,,,,,,,
20379,5,20250927,20:15,BYU,COLO,,,,,,,,,28,24,24,21,BYU,48.5,BYU,-6.5,,,,,,,,,,,,,,,,,,,,,,,
20380,6,20251002,19:00,SHSU,NMSU,,,,,,,,,22,24,10,37,SHSU,53.5,SHSU,-1.5,,,,,,,,,,,,,,,,,,,,,,,
20381,6,20251003,17:00,WKU,DEL,,,,,,,,,31,23,27,24,DEL,63.5,DEL,-2.5,,,,,,,,,,,,,,,,,,,,,,,
20382,6,20251003,17:00,CHAR,USF,,,,,,,,,17,36,26,54,USF,54.5,USF,-28.5,,,,,,,,,,,,,,,,,,,,,,,
20383,6,20251003,20:00,UNM,SJSU,,,,,,,,,31,35,28,35,SJSU,58.5,SJSU,-2.5,,,,,,,,,,,,,,,,,,,,,,,
20384,6,20251003,20:30,WVU,BYU,,,,,,,,,21,33,24,38,BYU,46.5,BYU,-19.5,,,,,,,,,,,,,,,,,,,,,,,
20385,6,20251003,20:30,CSU,SDSU,,,,,,,,,23,22,24,45,SDSU,40.5,SDSU,-4.5,,,,,,,,,,,,,,,,,,,,,,,
20386,6,20251004,10:00,UK,UGA,,,,,,,,,18,36,14,35,UGA,49.5,UGA,-19.5,,,,,,,,,,,,,,,,,,,,,,,
20387,6,20251004,10:00,ISU,CIN,,,,,,,,,30,21,30,38,CIN,55.5,CIN,-1.5,,,,,,,,,,,,,,,,,,,,,,,
20388,6,20251004,10:00,WIS,MICH,,,,,,,,,15,31,10,24,MICH,42.5,MICH,-17.5,,,,,,,,,,,,,,,,,,,,,,,
20389,6,20251004,10:00,ILL,PUR,,,,,,,,,32,20,43,27,ILL,55.5,ILL,-7.5,,,,,,,,,,,,,,,,,,,,,,,
20390,6,20251004,10:00,BC,PITT,,,,,,,,,27,31,7,48,PITT,54.5,PITT,-6.5,,,,,,,,,,,,,,,,,,,,,,,
20391,6,20251004,10:00,CLEM,UNC,,,,,,,,,32,22,38,10,CLEM,47.5,CLEM,-15.5,,,,,,,,,,,,,,,,,,,,,,,
20392,6,20251004,10:00,KSU,BAY,,,,,,,,,31,32,34,35,BAY,60.5,BAY,-4.5,,,,,,,,,,,,,,,,,,,,,,,
20393,6,20251004,10:00,AFA,NAVY,,,,,,,,,20,34,31,34,NAVY,51.5,NAVY,-13.5,,,,,,,,,,,,,,,,,,,,,,,
20394,6,20251004,10:00,ARMY,UAB,,,,,,,,,32,26,31,13,ARMY,55.5,ARMY,-6.5,,,,,,,,,,,,,,,,,,,,,,,
20395,6,20251004,10:00,OHIO,BALL,,,,,,,,,35,13,14,20,OHIO,52.5,OHIO,-14.5,,,,,,,,,,,,,,,,,,,,,,,
20396,6,20251004,11:00,WAKE,VT,,,,,,,,,24,33,30,23,VT,51.5,VT,-4.5,,,,,,,,,,,,,,,,,,,,,,,
20397,6,20251004,11:00,UTSA,TEM,,,,,,,,,39,23,21,27,UTSA,57.5,UTSA,-6.5,,,,,,,,,,,,,,,,,,,,,,,
20398,6,20251004,12:00,CAMP,NCST,,,,,,,,,,,10,56,NCST,60.5,NCST,-41.5,,,,,,,,,,,,,,,,,,,,,,,
20399,6,20251004,12:30,WMU,UMASS,,,,,,,,,29,24,21,3,WMU,45.5,WMU,-12.5,,,,,,,,,,,,,,,,,,,,,,,
20400,6,20251004,13:00,OKST,ARIZ,,,,,,,,,23,40,13,411,ARIZ,56.5,ARIZ,-23.5,,,,,,,,,,,,,,,,,,,,,,,
20401,6,20251004,13:30,PSU,UCLA,,,,,,,,,35,12,37,42,PSU,47.5,PSU,-24.5,,,,,,,,,,,,,,,,,,,,,,,
20402,6,20251004,13:30,TEX,FLA,,,,,,,,,29,15,21,29,TEX,42.5,TEX,-4.5,,,,,,,,,,,,,,,,,,,,,,,
20403,6,20251004,13:30,VAN,BAMA,,,,,,,,,21,36,14,30,BAMA,58.5,BAMA,-13.5,,,,,,,,,,,,,,,,,,,,,,,
20404,6,20251004,13:30,BSU,ND,,,,,,,,,21,47,7,28,ND,63.5,ND,-21.5,,,,,,,,,,,,,,,,,,,,,,,
20405,6,20251004,13:30,UVA,LOU,,,,,,,,,25,39,30,27,LOU,61.5,LOU,-6.5,,,,,,,,,,,,,,,,,,,,,,,
20406,6,20251004,13:30,WASH,UMD,,,,,,,,,30,25,24,20,WASH,53.5,WASH,-5.5,,,,,,,,,,,,,,,,,,,,,,,
20407,6,20251004,13:30,ULM,NW,,,,,,,,,15,26,7,42,NW,43.5,NW,-13.5,,,,,,,,,,,,,,,,,,,,,,,
20408,6,20251004,13:30,ORST,APP,,,,,,,,,30,31,23,27,APP,54.5,APP,-2.5,,,,,,,,,,,,,,,,,,,,,,,
20409,6,20251004,13:30,SYR,SMU,,,,,,,,,21,40,18,31,SMU,56.5,SMU,-17.5,,,,,,,,,,,,,,,,,,,,,,,
20410,6,20251004,13:30,FIU,CONN,,,,,,,,,24,33,10,51,CONN,51.5,CONN,-6.5,,,,,,,,,,,,,,,,,,,,,,,
20411,6,20251004,13:30,JMU,GAST,,,,,,,,,42,19,14,7,JMU,52.5,JMU,-18.5,,,,,,,,,,,,,,,,,,,,,,,
20412,6,20251004,13:30,CMU,AKR,,,,,,,,,25,19,22,28,CMU,47.5,CMU,-6.5,,,,,,,,,,,,,,,,,,,,,,,
20413,6,20251004,13:30,EMU,BUFF,,,,,,,,,26,31,30,31,BUFF,53.5,BUFF,-9.5,,,,,,,,,,,,,,,,,,,,,,,
20414,6,20251004,13:30,M-OH,NIU,,,,,,,,,22,18,25,14,M-OH,39.5,M-OH,-4.5,,,,,,,,,,,,,,,,,,,,,,,
20415,6,20251004,14:00,KENT,OKLA,,,,,,,,,7,63,0,44,OKLA,53.5,OKLA,-46.5,,,,,,,,,,,,,,,,,,,,,,,
20416,6,20251004,14:00,MSU,NEB,,,,,,,,,15,28,27,38,NEB,49.5,NEB,-12.5,,,,,,,,,,,,,,,,,,,,,,,
20417,6,20251004,14:00,TXST,ARST,,,,,,,,,43,27,30,31,TXST,63.5,TXST,-14.5,,,,,,,,,,,,,,,,,,,,,,,
20418,6,20251004,16:00,CCAR,ODU,,,,,,,,,19,32,7,47,ODU,53.5,ODU,-18.5,,,,,,,,,,,,,,,,,,,,,,,
20419,6,20251004,17:00,TTU,HOU,,,,,,,,,31,21,35,11,TTU,51.5,TTU,-11.5,,,,,,,,,,,,,,,,,,,,,,,
20420,6,20251004,17:00,UNLV,WYO,,,,,,,,,33,20,31,17,UNLV,53.5,UNLV,-4.5,,,,,,,,,,,,,,,,,,,,,,,
20421,6,20251004,17:00,USA,TROY,,,,,,,,,26,25,24,31,USA,46.5,USA,-2.5,,,,,,,,,,,,,,,,,,,,,,,
20422,6,20251004,17:00,FAU,RICE,,,,,,,,,22,33,27,21,RICE,55.5,RICE,-4.5,,,,,,,,,,,,,,,,,,,,,,,
20423,6,20251004,17:30,MINN,OSU,,,,,,,,,14,33,3,42,OSU,42.5,OSU,-23.5,,,,,,,,,,,,,,,,,,,,,,,
20424,6,20251004,17:30,MIA,FSU,,,,,,,,,33,27,28,22,MIA,54.5,MIA,-2.5,,,,,,,,,,,,,,,,,,,,,,,
20425,6,20251004,17:30,MSST,TAMU,,,,,,,,,21,38,9,31,TAMU,57.5,TAMU,-17.5,,,,,,,,,,,,,,,,,,,,,,,
20426,6,20251004,17:30,COLO,TCU,,,,,,,,,23,34,21,35,TCU,56.5,TCU,-14.5,,,,,,,,,,,,,,,,,,,,,,,
20427,6,20251004,17:30,KU,UCF,,,,,,,,,32,27,27,20,KU,52.5,KU,-3.5,,,,,,,,,,,,,,,,,,,,,,,
20428,6,20251004,18:00,TLSA,MEM,,,,,,,,,20,48,7,45,MEM,52.5,MEM,-21.5,,,,,,,,,,,,,,,,,,,,,,,
20429,6,20251004,20:30,DUKE,CAL,,,,,,,,,27,24,45,21,DUKE,55.5,DUKE,-3.5,,,,,,,,,,,,,,,,,,,,,,,
20430,6,20251004,20:30,NEV,FRES,,,,,,,,,17,33,17,20,FRES,46.5,FRES,-13.5,,,,,,,,,,,,,,,,,,,,,,,
20431,7,20251008,17:30,MOST,MTSU,,,,,,,,,24,27,22,20,MOST,52.5,MOST,-2.5,,,,,,,,,,,,,,,,,,,,,,,
20432,7,20251008,18:00,LIB,UTEP,,,,,,,,,31,21,19,8,LIB,47.5,LIB,-1.5,,,,,,,,,,,,,,,,,,,,,,,
20433,7,20251009,17:00,LT,KSW,,,,,,,,,23,22,7,35,KSW,45.5,KSW,-5.5,,,,,,,,,,,,,,,,,,,,,,,
20434,7,20251009,17:30,ECU,TULN,,,,,,,,,20,27,19,26,TULN,53.5,TULN,-6.5,,,,,,,,,,,,,,,,,,,,,,,
20435,7,20251009,18:00,JVST,SHSU,,,,,,,,,30,17,29,27,JVST,52.5,JVST,-7.5,,,,,,,,,,,,,,,,,,,,,,,
20436,7,20251009,18:00,USM,GASO,,,,,,,,,26,36,38,35,USM,60.5,USM,-2.5,,,,,,,,,,,,,,,,,,,,,,,
20437,7,20251010,17:30,USF,UNT,,,,,,,,,32,41,63,36,UNT,68.5,UNT,-2.5,,,,,,,,,,,,,,,,,,,,,,,
20438,7,20251010,19:00,RUTG,WASH,,,,,,,,,22,34,19,38,WASH,62.5,WASH,-9.5,,,,,,,,,,,,,,,,,,,,,,,
20439,7,20251010,19:00,FRES,CSU,,,,,,,,,27,23,21,49,FRES,48.5,FRES,-5.5,,,,,,,,,,,,,,,,,,,,,,,
20440,7,20251011,10:00,OSU,ILL,,,,,,,,,32,17,34,16,OSU,51.5,OSU,-15.5,,,,,,,,,,,,,,,,,,,,,,,
20441,7,20251011,10:00,BAMA,MIZZ,,,,,,,,,26,27,27,24,BAMA,50.5,BAMA,-3.5,,,,,,,,,,,,,,,,,,,,,,,
20442,7,20251011,10:00,PITT,FSU,,,,,,,,,24,28,34,31,FSU,57.5,FSU,-11.5,,,,,,,,,,,,,,,,,,,,,,,
20443,7,20251011,10:00,UCLA,MSU,,,,,,,,,21,20,38,13,MSU,51.5,MSU,-6.5,,,,,,,,,,,,,,,,,,,,,,,
20444,7,20251011,10:00,STAN,SMU,,,,,,,,,15,44,10,34,SMU,55.5,SMU,-19.5,,,,,,,,,,,,,,,,,,,,,,,
20445,7,20251011,10:00,UCF,CIN,,,,,,,,,24,30,11,20,CIN,55.5,CIN,-10.5,,,,,,,,,,,,,,,,,,,,,,,
20446,7,20251011,10:00,HOU,OKST,,,,,,,,,29,20,39,17,HOU,47.5,HOU,-14.5,,,,,,,,,,,,,,,,,,,,,,,
20447,7,20251011,10:00,LA,JMU,,,,,,,,,25,35,14,24,JMU,45.5,JMU,-18.5,,,,,,,,,,,,,,,,,,,,,,,
20448,7,20251011,10:00,CHAR,ARMY,,,,,,,,,16,34,7,24,ARMY,44.5,ARMY,-17.5,,,,,,,,,,,,,,,,,,,,,,,
20449,7,20251011,10:00,M-OH,AKR,,,,,,,,,30,12,20,7,M-OH,47.5,M-OH,-11.5,,,,,,,,,,,,,,,,,,,,,,,
20450,7,20251011,10:00,TOL,BGSU,,,,,,,,,29,23,23,28,TOL,45.5,TOL,-10.5,,,,,,,,,,,,,,,,,,,,,,,
20451,7,20251011,10:45,WSU,MISS,,,,,,,,,15,54,21,24,MISS,58.5,MISS,-32.5,,,,,,,,,,,,,,,,,,,,,,,
20452,7,20251011,11:00,NIU,EMU,,,,,,,,,26,25,10,16,NIU,48.5,NIU,-1.5,,,,,,,,,,,,,,,,,,,,,,,
20453,7,20251011,12:30,UMASS,KENT,,,,,,,,,28,19,6,42,KENT,49.5,KENT,-1.5,,,,,,,,,,,,,,,,,,,,,,,
20454,7,20251011,13:30,IND,ORE,,,,,,,,,24,37,30,20,ORE,51.5,ORE,-7.5,,,,,,,,,,,,,,,,,,,,,,,
20455,7,20251011,13:30,OKLA,TEX,,,,,,,,,22,23,6,23,TEX,43.5,TEX,-2.5,,,,,,,,,,,,,,,,,,,,,,,
20456,7,20251011,13:30,VT,GT,,,,,,,,,29,37,20,35,GT,55.5,GT,-14.5,,,,,,,,,,,,,,,,,,,,,,,
20457,7,20251011,13:30,NCST,ND,,,,,,,,,16,48,7,36,ND,59.5,ND,-24.5,,,,,,,,,,,,,,,,,,,,,,,
20458,7,20251011,13:30,ISU,COLO,,,,,,,,,30,21,17,24,ISU,52.5,ISU,-2.5,,,,,,,,,,,,,,,,,,,,,,,
20459,7,20251011,13:30,NW,PSU,,,,,,,,,12,38,22,21,PSU,46.5,PSU,-20.5,,,,,,,,,,,,,,,,,,,,,,,
20460,7,20251011,13:30,NEB,UMD,,,,,,,,,21,26,34,31,NEB,47.5,NEB,-6.5,,,,,,,,,,,,,,,,,,,,,,,
20461,7,20251011,13:30,WAKE,ORST,,,,,,,,,26,27,39,14,WAKE,47.5,WAKE,-1.5,,,,,,,,,,,,,,,,,,,,,,,
20462,7,20251011,13:30,TCU,KSU,,,,,,,,,29,32,28,41,TCU,54.5,TCU,-2.5,,,,,,,,,,,,,,,,,,,,,,,
20463,7,20251011,13:30,AFA,UNLV,,,,,,,,,23,44,48,51,UNLV,66.5,UNLV,-7.5,,,,,,,,,,,,,,,,,,,,,,,
20464,7,20251011,13:30,APP,GAST,,,,,,,,,35,26,41,20,APP,55.5,APP,-2.5,,,,,,,,,,,,,,,,,,,,,,,
20465,7,20251011,13:30,ODU,MRSH,,,,,,,,,33,24,24,48,ODU,57.5,ODU,-14.5,,,,,,,,,,,,,,,,,,,,,,,
20466,7,20251011,13:30,BALL,WMU,,,,,,,,,17,26,0,42,WMU,42.5,WMU,-9.5,,,,,,,,,,,,,,,,,,,,,,,
20467,7,20251011,14:00,NAVY,TEM,,,,,,,,,35,18,32,31,NAVY,52.5,NAVY,-10.5,,,,,,,,,,,,,,,,,,,,,,,
20468,7,20251011,14:15,ARK,TENN,,,,,,,,,22,38,31,34,TENN,68.5,TENN,-10.5,,,,,,,,,,,,,,,,,,,,,,,
20469,7,20251011,16:00,UAB,FAU,,,,,,,,,36,37,33,53,FAU,65.5,FAU,-5.5,,,,,,,,,,,,,,,,,,,,,,,
20470,7,20251011,17:00,FLA,TAMU,,,,,,,,,20,32,17,34,TAMU,48.5,TAMU,-6.5,,,,,,,,,,,,,,,,,,,,,,,
20471,7,20251011,17:00,IOWA,WIS,,,,,,,,,21,18,37,0,IOWA,37.5,IOWA,-4.5,,,,,,,,,,,,,,,,,,,,,,,
20472,7,20251011,17:00,SJSU,WYO,,,,,,,,,25,22,28,35,SJSU,49.5,SJSU,-1.5,,,,,,,,,,,,,,,,,,,,,,,
20473,7,20251011,17:00,ULM,CCAR,,,,,,,,,19,29,8,23,ULM,45.5,ULM,-2.5,,,,,,,,,,,,,,,,,,,,,,,
20474,7,20251011,17:30,KU,TTU,,,,,,,,,28,36,17,42,TTU,58.5,TTU,-13.5,,,,,,,,,,,,,,,,,,,,,,,
20475,7,20251011,17:30,UGA,AUB,,,,,,,,,30,20,20,10,UGA,45.5,UGA,-4.5,,,,,,,,,,,,,,,,,,,,,,,
20476,7,20251011,17:30,MICH,USC,,,,,,,,,34,29,13,31,USC,57.5,USC,-2.5,,,,,,,,,,,,,,,,,,,,,,,
20477,7,20251011,17:30,PUR,MINN,,,,,,,,,17,31,20,27,MINN,49.5,MINN,-7.5,,,,,,,,,,,,,,,,,,,,,,,
20478,7,20251011,17:30,CLEM,BC,,,,,,,,,32,22,41,10,CLEM,54.5,CLEM,-13.5,,,,,,,,,,,,,,,,,,,,,,,
20479,7,20251011,17:30,RICE,UTSA,,,,,,,,,23,33,13,61,UTSA,48.5,UTSA,-9..5,,,,,,,,,,,,,,,,,,,,,,,
20480,7,20251011,17:45,SCAR,LSU,,,,,,,,,20,30,10,20,LSU,44.5,LSU,-8.5,,,,,,,,,,,,,,,,,,,,,,,
20481,7,20251011,18:00,BYU,ARIZ,,,,,,,,,30,29,33,27,BYU,46.5,BYU,-2.5,,,,,,,,,,,,,,,,,,,,,,,
20482,7,20251011,18:00,TROY,TXST,,,,,,,,,26,35,48,41,TXST,53.5,TXST,-7.5,,,,,,,,,,,,,,,,,,,,,,,
20483,7,20251011,19:45,UNM,BSU,,,,,,,,,28,45,25,41,BSU,57.5,BSU,-15.5,,,,,,,,,,,,,,,,,,,,,,,
20484,7,20251011,20:15,ASU,UTAH,,,,,,,,,20,26,10,42,UTAH,42.5,UTAH,-8.5,,,,,,,,,,,,,,,,,,,,,,,
20485,7,20251011,20:30,SDSU,NEV,,,,,,,,,25,20,44,10,SDSU,42.5,SDSU,-6.5,,,,,,,,,,,,,,,,,,,,,,,
20486,7,20251011,21:59,USU,HAW,,,,,,,,,37,29,26,44,USU,57.5,USU,-1.5,,,,,,,,,,,,,,,,,,,,,,,
20487,8,20251014,17:00,NMSU,LIB,,,,,,,,,,,27,30,LIB,48.5,LIB,-11.5,,,,,,,,,,,,,,,,,,,,,,,
20488,8,20251014,17:30,ARST,USA,,,,,,,,,,,15,14,USA,57.5,USA,-8.5,,,,,,,,,,,,,,,,,,,,,,,
20489,8,20251014,18:00,FIU,WKU,,,,,,,,,,,25,6,WKU,55.5,WKU,-9.5,,,,,,,,,,,,,,,,,,,,,,,
20490,8,20251015,17:00,DEL,JVST,,,,,,,,,22,31,25,38,DEL,55.5,DEL,-2.5,,,,,,,,,,,,,,,,,,,,,,,
20491,8,20251015,17:00,UTEP,SHSU,,,,,,,,,19,24,35,17,UTEP,47.5,UTEP,-3.5,,,,,,,,,,,,,,,,,,,,,,,
20492,8,20251016,17:30,TLSA,ECU,,,,,,,,,17,31,27,41,ECU,54.5,ECU,-16.5,,,,,,,,,,,,,,,,,,,,,,,
20493,8,20251017,17:00,LOU,MIA,,,,,,,,,30,34,24,21,MIA,49.5,MIA,-10.5,,,,,,,,,,,,,,,,,,,,,,,
20494,8,20251017,18:00,NEB,MINN,,,,,,,,,23,24,6,24,NEB,48.5,NEB,-6.5,,,,,,,,,,,,,,,,,,,,,,,
20495,8,20251017,19:00,SJSU,USU,,,,,,,,,36,32,25,30,USU,62.5,USU,-3.5,,,,,,,,,,,,,,,,,,,,,,,
20496,8,20251017,20:30,UNC,CAL,,,,,,,,,24,31,18,21,CAL,47.5,CAL,-8.5,,,,,,,,,,,,,,,,,,,,,,,
20497,8,20251018,10:00,LSU,VAN,,,,,,,,,33,25,24,31,VAN,48.5,VAN,-1.5,,,,,,,,,,,,,,,,,,,,,,,
20498,8,20251018,10:00,GT,DUKE,,,,,,,,,28,32,27,18,DUKE,61.5,DUKE,-3.5,,,,,,,,,,,,,,,,,,,,,,,
20499,8,20251018,10:00,WASH,MICH,,,,,,,,,23,29,7,24,MICH,50.5,MICH,-4.5,,,,,,,,,,,,,,,,,,,,,,,
20500,8,20251018,10:00,CONN,BC,,,,,,,,,28,29,38,23,CONN,58.5,CONN,-2.5,,,,,,,,,,,,,,,,,,,,,,,
20501,8,20251018,10:00,ARIZ,HOU,,,,,,,,,27,24,28,31,ARIZ,47.5,ARIZ,-2.5,,,,,,,,,,,,,,,,,,,,,,,
20502,8,20251018,10:00,BAY,TCU,,,,,,,,,29,38,36,42,TCU,67.5,TCU,-3.5,,,,,,,,,,,,,,,,,,,,,,,
20503,8,20251018,10:00,ARMY,TULN,,,,,,,,,21,26,17,24,TULN,44.5,TULN,-10.5,,,,,,,,,,,,,,,,,,,,,,,
20504,8,20251018,10:00,CMU,BGSU,,,,,,,,,20,30,27,6,BGSU,44.5,BGSU,-3.5,,,,,,,,,,,,,,,,,,,,,,,
20505,8,20251018,10:00,EMU,M-OH,,,,,,,,,19,29,30,44,M-OH,47.5,M-OH,-11.5,,,,,,,,,,,,,,,,,,,,,,,
20506,8,20251018,10:45,OKLA,SCAR,,,,,,,,,22,19,26,7,OKLA,43.5,OKLA,-4.5,,,,,,,,,,,,,,,,,,,,,,,
20507,8,20251018,11:00,WVU,UCF,,,,,,,,,23,30,13,45,UCF,47.5,UCF,-6.5,,,,,,,,,,,,,,,,,,,,,,,
20508,8,20251018,12:00,KENT,TOL,,,,,,,,,12,45,10,45,TOL,48.5,TOL,-25.5,,,,,,,,,,,,,,,,,,,,,,,
20509,8,20251018,12:30,BUFF,UMASS,,,,,,,,,37,19,27,21,BUFF,47.5,BUFF,-16.5,,,,,,,,,,,,,,,,,,,,,,,
20510,8,20251018,13:00,PUR,NW,,,,,,,,,19,27,0,19,NW,46.5,NW,-3.5,,,,,,,,,,,,,,,,,,,,,,,
20511,8,20251018,13:00,TROY,ULM,,,,,,,,,29,17,37,14,TROY,45.5,TROY,-5.5,,,,,,,,,,,,,,,,,,,,,,,
20512,8,20251018,13:30,OSU,WIS,,,,,,,,,31,11,34,0,OSU,41.5,OSU,-24.5,,,,,,,,,,,,,,,,,,,,,,,
20513,8,20251018,13:30,MSU,IND,,,,,,,,,15,39,13,38,IND,49.5,IND,-26.5,,,,,,,,,,,,,,,,,,,,,,,
20514,8,20251018,13:30,TAMU,ARK,,,,,,,,,36,22,45,42,TAMU,57.5,TAMU,-8.5,,,,,,,,,,,,,,,,,,,,,,,
20515,8,20251018,13:30,MISS,UGA,,,,,,,,,28,29,35,43,UGA,56.5,UGA,-7.5,,,,,,,,,,,,,,,,,,,,,,,
20516,8,20251018,13:30,SMU,CLEM,,,,,,,,,28,26,35,24,CLEM,49.5,CLEM,-5.5,,,,,,,,,,,,,,,,,,,,,,,
20517,8,20251018,13:30,WYO,AFA,,,,,,,,,26,30,21,24,AFA,56.5,AFA,-3.5,,,,,,,,,,,,,,,,,,,,,,,
20518,8,20251018,13:30,UNLV,BSU,,,,,,,,,36,33,31,56,BSU,61.5,BSU,-13.5,,,,,,,,,,,,,,,,,,,,,,,
20519,8,20251018,13:30,CCAR,APP,,,,,,,,,24,36,45,37,APP,47.5,APP,-10.5,,,,,,,,,,,,,,,,,,,,,,,
20520,8,20251018,13:30,ODU,JMU,,,,,,,,,21,30,27,63,JMU,47.5,JMU,-3.5,,,,,,,,,,,,,,,,,,,,,,,
20521,8,20251018,13:30,TXST,MRSH,,,,,,,,,20,34,37,40,TXST,65.5,TXST,-2.5,,,,,,,,,,,,,,,,,,,,,,,
20522,8,20251018,13:30,TEM,CHAR,,,,,,,,,27,25,49,14,TEM,46.5,TEM,-9.5,,,,,,,,,,,,,,,,,,,,,,,
20523,8,20251018,13:30,UTSA,UNT,,,,,,,,,37,41,17,55,UNT,63.5,UNT,-3.5,,,,,,,,,,,,,,,,,,,,,,,
20524,8,20251018,13:30,AKR,BALL,,,,,,,,,21,20,28,42,BALL,43.5,BALL,-1.5,,,,,,,,,,,,,,,,,,,,,,,
20525,8,20251018,13:30,NIU,OHIO,,,,,,,,,17,27,21,48,OHIO,42.5,OHIO,-11.5,,,,,,,,,,,,,,,,,,,,,,,
20526,8,20251018,14:00,TTU,ASU,,,,,,,,,34,26,22,26,TTU,52.5,TTU,-8.5,,,,,,,,,,,,,,,,,,,,,,,
20527,8,20251018,14:00,MEM,UAB,,,,,,,,,54,25,24,31,MEM,59.5,MEM,-23.5,,,,,,,,,,,,,,,,,,,,,,,
20528,8,20251018,14:15,MSST,FLA,,,,,,,,,21,28,21,23,FLA,51.5,FLA,-9.5,,,,,,,,,,,,,,,,,,,,,,,
20529,8,20251018,15:00,USM,LA,,,,,,,,,24,35,22,10,USM,54.5,USM,-4.5,,,,,,,,,,,,,,,,,,,,,,,
20530,8,20251018,16:30,ORE,RUTG,,,,,,,,,41,20,56,10,ORE,61.5,ORE,-18.5,,,,,,,,,,,,,,,,,,,,,,,
20531,8,20251018,16:30,WSU,UVA,,,,,,,,,26,35,20,22,UVA,56.5,UVA,-16.5,,,,,,,,,,,,,,,,,,,,,,,
20532,8,20251018,17:00,TEX,UK,,,,,,,,,32,15,16,13,TEX,45.5,TEX,-13.5,,,,,,,,,,,,,,,,,,,,,,,
20533,8,20251018,17:00,PSU,IOWA,,,,,,,,,21,20,24,25,IOWA,41.5,IOWA,-3.5,,,,,,,,,,,,,,,,,,,,,,,
20534,8,20251018,17:00,UMD,UCLA,,,,,,,,,27,21,17,20,UCLA,52.5,UCLA,-4.5,,,,,,,,,,,,,,,,,,,,,,,
20535,8,20251018,17:00,HAW,CSU,,,,,,,,,22,33,31,19,CSU,53.5,CSU,-2.5,,,,,,,,,,,,,,,,,,,,,,,
20536,8,20251018,17:00,GAST,GASO,,,,,,,,,26,36,24,41,GASO,58.5,GASO,-6.5,,,,,,,,,,,,,,,,,,,,,,,
20537,8,20251018,17:30,TENN,BAMA,,,,,,,,,23,31,20,37,BAMA,60.5,BAMA,-8.5,,,,,,,,,,,,,,,,,,,,,,,
20538,8,20251018,17:30,USC,ND,,,,,,,,,26,40,24,34,ND,60.5,ND,-10.5,,,,,,,,,,,,,,,,,,,,,,,
20539,8,20251018,17:30,FAU,USF,,,,,,,,,25,44,13,48,USF,72.5,USF,-20.5,,,,,,,,,,,,,,,,,,,,,,,
20540,8,20251018,17:30,PITT,SYR,,,,,,,,,30,27,30,13,PITT,54.5,PITT,-8.5,,,,,,,,,,,,,,,,,,,,,,,
20541,8,20251018,17:45,MIZZ,AUB,,,,,,,,,29,20,23,17,MIZZ,43.5,MIZZ,-1.5,,,,,,,,,,,,,,,,,,,,,,,
20542,8,20251018,18:00,UTAH,BYU,,,,,,,,,25,24,21,24,UTAH,49.5,UTAH,-5.5,,,,,,,,,,,,,,,,,,,,,,,
20543,8,20251018,18:00,CIN,OKST,,,,,,,,,37,20,49,17,CIN,57.5,CIN,-23.5,,,,,,,,,,,,,,,,,,,,,,,
20544,8,20251018,19:45,NEV,UNM,,,,,,,,,26,37,22,24,UNM,49.5,UNM,-14.5,,,,,,,,,,,,,,,,,,,,,,,
20545,8,20251018,20:00,LAF,ORST,,,,,,,,,,,13,45,ORST,55.5,ORST,-21.5,,,,,,,,,,,,,,,,,,,,,,,
20546,8,20251018,20:30,FSU,STAN,,,,,,,,,33,18,13,20,FSU,55.5,FSU,-17.5,,,,,,,,,,,,,,,,,,,,,,,
20547,9,20251021,17:00,KSW,FIU,,,,,,,,,23,21,45,26,KSW,49.5,KSW,-2.5,,,,,,,,,,,,,,,,,,,,,,,
20548,9,20251021,17:30,WKU,LT,,,,,,,,,27,25,28,27,LT,48.5,LT,-4.5,,,,,,,,,,,,,,,,,,,,,,,
20549,9,20251022,17:30,MTST,DEL,,,,,,,,,21,36,28,31,DEL,55.5,DEL,-9.5,,,,,,,,,,,,,,,,,,,,,,,
20550,9,20251022,19:00,MOST,NMSU,,,,,,,,,23,31,24,17,MOST,51.5,MOST,-2.5,,,,,,,,,,,,,,,,,,,,,,,
20551,9,20251023,17:30,USA,GAST,,,,,,,,,33,23,38,31,USA,54.5,USA,-5.5,,,,,,,,,,,,,,,,,,,,,,,
20552,9,20251024,17:00,UNT,CHAR,,,,,,,,,48,20,54,20,UNT,60.5,UNT,-25.5,,,,,,,,,,,,,,,,,,,,,,,
20553,9,20251024,17:30,CAL,VT,,,,,,,,,27,29,34,42,VT,50.5,VT,-6.5,,,,,,,,,,,,,,,,,,,,,,,
20554,9,20251024,20:00,BSU,NEV,,,,,,,,,40,20,24,3,BSU,51.5,BSU,-20.5,,,,,,,,,,,,,,,,,,,,,,,
20555,9,20251025,10:00,UCLA,IND,,,,,,,,,17,35,6,56,IND,53.5,IND,-27.5,,,,,,,,,,,,,,,,,,,,,,,
20556,9,20251025,10:00,SYR,GT,,,,,,,,,23,38,16,41,GT,53.5,GT,-17.5,,,,,,,,,,,,,,,,,,,,,,,
20557,9,20251025,10:00,MISS,OKLA,,,,,,,,,26,24,34,26,OKLA,52.5,OKLA,-5.5,,,,,,,,,,,,,,,,,,,,,,,
20558,9,20251025,10:00,UVA,UNC,,,,,,,,,33,27,17,16,UVA,51.5,UVA,-12.5,,,,,,,,,,,,,,,,,,,,,,,
20559,9,20251025,10:00,USF,MEM,,,,,,,,,32,33,31,34,USF,58.5,USF,-3.5,,,,,,,,,,,,,,,,,,,,,,,
20560,9,20251025,10:00,NW,NEB,,,,,,,,,18,23,21,28,NEB,44.5,NEB,-7.5,,,,,,,,,,,,,,,,,,,,,,,
20561,9,20251025,10:00,RUTG,PUR,,,,,,,,,29,20,27,24,PUR,60.5,PUR,-2.5,,,,,,,,,,,,,,,,,,,,,,,
20562,9,20251025,10:00,SMU,WAKE,,,,,,,,,34,22,12,13,SMU,52.5,SMU,-5.5,,,,,,,,,,,,,,,,,,,,,,,
20563,9,20251025,10:00,KSU,KU,,,,,,,,,32,30,42,17,KU,55.5,KU,-3.5,,,,,,,,,,,,,,,,,,,,,,,
20564,9,20251025,10:00,APP,ODU,,,,,,,,,28,33,21,24,ODU,60.5,ODU,-12.5,,,,,,,,,,,,,,,,,,,,,,,
20565,9,20251025,10:00,BGSU,KENT,,,,,,,,,34,15,21,24,BGSU,46.5,BGSU,-7.5,,,,,,,,,,,,,,,,,,,,,,,
20566,9,20251025,10:00,OHIO,EMU,,,,,,,,,29,21,28,21,OHIO,60.5,OHIO,-13.5,,,,,,,,,,,,,,,,,,,,,,,
20567,9,20251025,10:45,AUB,ARK,,,,,,,,,26,24,33,24,ARK,55.5,ARK,-2.5,,,,,,,,,,,,,,,,,,,,,,,
20568,9,20251025,11:00,AKR,BUFF,,,,,,,,,16,34,24,16,BUFF,48.5,BUFF,-10.5,,,,,,,,,,,,,,,,,,,,,,,
20569,9,20251025,13:00,CONN,RICE,,,,,,,,,29,25,34,37,CONN,48.5,CONN,-9.5,,,,,,,,,,,,,,,,,,,,,,,
20570,9,20251025,13:00,USU,UNM,,,,,,,,,41,42,14,33,UNM,60.5,UNM,-2.5,,,,,,,,,,,,,,,,,,,,,,,
20571,9,20251025,13:30,BAMA,SCAR,,,,,,,,,27,16,29,22,BAMA,47.5,BAMA,-12.5,,,,,,,,,,,,,,,,,,,,,,,
20572,9,20251025,13:30,MIZZ,VAN,,,,,,,,,33,28,10,17,MIZZ,52.5,MIZZ,-3.5,,,,,,,,,,,,,,,,,,,,,,,
20573,9,20251025,13:30,BYU,ISU,,,,,,,,,24,29,41,27,ISU,49.5,ISU,-2.5,,,,,,,,,,,,,,,,,,,,,,,
20574,9,20251025,13:30,ILL,WASH,,,,,,,,,24,32,25,42,WASH,54.5,WASH,-3.5,,,,,,,,,,,,,,,,,,,,,,,
20575,9,20251025,13:30,MINN,IOWA,,,,,,,,,17,26,3,41,IOWA,39.5,IOWA,-7.5,,,,,,,,,,,,,,,,,,,,,,,
20576,9,20251025,13:30,TOL,WSU,,,,,,,,,29,28,7,28,TOL,45.5,TOL,-1.5,,,,,,,,,,,,,,,,,,,,,,,
20577,9,20251025,13:30,NCST,PITT,,,,,,,,,24,33,34,53,PITT,52.5,PITT,-5.5,,,,,,,,,,,,,,,,,,,,,,,
20578,9,20251025,13:30,SDSU,FRES,,,,,,,,,25,27,23,0,SDSU,45.5,SDSU,-3.5,,,,,,,,,,,,,,,,,,,,,,,
20579,9,20251025,13:30,ULM,USM,,,,,,,,,19,27,21,49,USM,48.5,USM,-13.5,,,,,,,,,,,,,,,,,,,,,,,
20580,9,20251025,13:30,FAU,NAVY,,,,,,,,,20,39,32,42,NAVY,63.5,NAVY,-14.5,,,,,,,,,,,,,,,,,,,,,,,
20581,9,20251025,13:30,TEM,TLSA,,,,,,,,,27,30,38,37,TEM,52.5,TEM,-3.5,,,,,,,,,,,,,,,,,,,,,,,
20582,9,20251025,13:30,BALL,NIU,,,,,,,,,14,30,7,21,NIU,42.5,NIU,-6.5,,,,,,,,,,,,,,,,,,,,,,,
20583,9,20251025,13:30,UMASS,CMU,,,,,,,,,19,35,13,38,CMU,46.5,CMU,-17.5,,,,,,,,,,,,,,,,,,,,,,,
20584,9,20251025,13:30,WMU,M-OH,,,,,,,,,15,28,17,26,M-OH,40.5,M-OH,-2.5,,,,,,,,,,,,,,,,,,,,,,,
20585,9,20251025,14:00,OKST,TTU,,,,,,,,,19,50,0,42,TTU,56.5,TTU,-35.5,,,,,,,,,,,,,,,,,,,,,,,
20586,9,20251025,14:00,BAY,CIN,,,,,,,,,29,33,20,41,CIN,69.5,CIN,-3.5,,,,,,,,,,,,,,,,,,,,,,,
20587,9,20251025,14:15,TEX,MSST,,,,,,,,,27,15,45,38,TEX,49.5,TEX,-8.5,,,,,,,,,,,,,,,,,,,,,,,
20588,9,20251025,16:00,TCU,WVU,,,,,,,,,37,23,23,17,TCU,55.5,TCU,-16.5,,,,,,,,,,,,,,,,,,,,,,,
20589,9,20251025,17:00,WIS,ORE,,,,,,,,,12,39,7,21,ORE,45.5,ORE,-31.5,,,,,,,,,,,,,,,,,,,,,,,
20590,9,20251025,17:00,STAN,MIA,,,,,,,,,16,45,7,42,MIA,45.5,MIA,-28.5,,,,,,,,,,,,,,,,,,,,,,,
20591,9,20251025,17:00,GASO,ARST,,,,,,,,,34,30,24,34,ARST,59.5,ARST,-1.5,,,,,,,,,,,,,,,,,,,,,,,
20592,9,20251025,17:00,LA,TROY,,,,,,,,,27,29,23,35,TROY,47.5,TROY,-7.5,,,,,,,,,,,,,,,,,,,,,,,
20593,9,20251025,17:30,TAMU,LSU,,,,,,,,,28,30,49,25,TAMU,49.5,TAMU,-1.5,,,,,,,,,,,,,,,,,,,,,,,
20594,9,20251025,17:30,BC,LOU,,,,,,,,,20,41,24,38,LOU,54.5,LOU,-25.5,,,,,,,,,,,,,,,,,,,,,,,
20595,9,20251025,17:30,MICH,MSU,,,,,,,,,34,13,31,20,MICH,47.5,MICH,-13.5,,,,,,,,,,,,,,,,,,,,,,,
20596,9,20251025,17:30,CSU,WYO,,,,,,,,,23,24,0,28,WYO,46.5,WYO,-5.5,,,,,,,,,,,,,,,,,,,,,,,
20597,9,20251025,17:45,TENN,UK,,,,,,,,,31,21,56,34,TENN,54.5,TENN,-7.5,,,,,,,,,,,,,,,,,,,,,,,
20598,9,20251025,18:00,HOU,ASU,,,,,,,,,21,26,24,16,ASU,47.5,ASU,-7.5,,,,,,,,,,,,,,,,,,,,,,,
20599,9,20251025,20:15,COLO,UTAH,,,,,,,,,18,29,7,53,UTAH,50.5,UTAH,-14.5,,,,,,,,,,,,,,,,,,,,,,,
20600,10,20251028,18:00,UTEP,KSW,,,,,,,,,18,28,20,33,KSW,53.5,KSW,-12.5,,,,,,,,,,,,,,,,,,,,,,,
20601,10,20251028,18:00,JMU,TXST,,,,,,,,,37,30,52,20,JMU,55.5,JMU,-7.5,,,,,,,,,,,,,,,,,,,,,,,
20602,10,20251029,17:30,JVST,MTSU,,,,,,,,,35,19,24,21,JVST,54.5,JVST,-4.5,,,,,,,,,,,,,,,,,,,,,,,
20603,10,20251029,18:00,FIU,MOST,,,,,,,,,25,26,21,28,MOST,50.5,MOST,-3.5,,,,,,,,,,,,,,,,,,,,,,,
20604,10,20251030,17:30,MRSH,CCAR,,,,,,,,,32,28,27,44,CCAR,55.5,CCAR,-7.5,,,,,,,,,,,,,,,,,,,,,,,
20605,10,20251030,17:30,TULN,UTSA,,,,,,,,,29,27,26,48,TULN,54.5,TULN,-5.5,,,,,,,,,,,,,,,,,,,,,,,
20606,10,20251031,17:00,MEM,RICE,,,,,,,,,38,22,38,14,MEM,48.5,MEM,-13.5,,,,,,,,,,,,,,,,,,,,,,,
20607,10,20251031,17:30,UNC,SYR,,,,,,,,,26,30,27,10,SYR,45.5,SYR,-1.5,,,,,,,,,,,,,,,,,,,,,,,
20608,10,20251031,18:00,SHSU,LT,,,,,,,,,20,26,14,55,LT,48.5,LT,-16.5,,,,,,,,,,,,,,,,,,,,,,,
20609,10,20251101,10:00,PSU,OSU,,,,,,,,,16,27,14,38,OSU,45.5,OSU,-17.5,,,,,,,,,,,,,,,,,,,,,,,
20610,10,20251101,10:00,VAN,TEX,,,,,,,,,20,27,31,34,TEX,48.5,TEX,-3.5,,,,,,,,,,,,,,,,,,,,,,,
20611,10,20251101,10:00,MIA,SMU,,,,,,,,,32,29,20,26,MIA,46.5,MIA,-6.5,,,,,,,,,,,,,,,,,,,,,,,
20612,10,20251101,10:00,WVU,HOU,,,,,,,,,20,27,45,35,HOU,49.5,HOU,-12.5,,,,,,,,,,,,,,,,,,,,,,,
20613,10,20251101,10:00,RUTG,ILL,,,,,,,,,26,33,13,35,ILL,63.5,ILL,-12.5,,,,,,,,,,,,,,,,,,,,,,,
20614,10,20251101,10:00,DUKE,CLEM,,,,,,,,,25,28,46,45,CLEM,55.5,CLEM,-4.5,,,,,,,,,,,,,,,,,,,,,,,
20615,10,20251101,10:00,UCF,BAY,,,,,,,,,32,30,3,30,BAY,58.5,BAY,-3.5,,,,,,,,,,,,,,,,,,,,,,,
20616,10,20251101,10:00,UAB,CONN,,,,,,,,,31,41,19,38,CONN,61.5,CONN,-10.5,,,,,,,,,,,,,,,,,,,,,,,
20617,10,20251101,10:00,ARMY,AFA,,,,,,,,,30,24,20,17,ARMY,48.5,ARMY,-1.5,,,,,,,,,,,,,,,,,,,,,,,
20618,10,20251101,10:00,NAVY,UNT,,,,,,,,,32,37,17,31,NAVY,68.5,NAVY,-6.5,,,,,,,,,,,,,,,,,,,,,,,
20619,10,20251101,10:00,BUFF,BGSU,,,,,,,,,26,27,28,3,BGSU,44.5,BGSU,-2.5,,,,,,,,,,,,,,,,,,,,,,,
20620,10,20251101,11:00,ASU,ISU,,,,,,,,,21,30,24,19,ISU,48.5,ISU,-8.5,,,,,,,,,,,,,,,,,,,,,,,
20621,10,20251101,12:00,ECU,TEM,,,,,,,,,32,22,45,14,ECU,58.5,ECU,-5.5,,,,,,,,,,,,,,,,,,,,,,,
20622,10,20251101,13:00,LOU,VT,,,,,,,,,37,26,28,16,LOU,52.5,LOU,-10.5,,,,,,,,,,,,,,,,,,,,,,,
20623,10,20251101,13:00,UNM,UNLV,,,,,,,,,30,48,40,35,UNLV,60.5,UNLV,-4.5,,,,,,,,,,,,,,,,,,,,,,,
20624,10,20251101,13:30,IND,UMD,,,,,,,,,32,22,55,10,IND,50.5,IND,-21.5,,,,,,,,,,,,,,,,,,,,,,,
20625,10,20251101,13:30,UGA,FLA,,,,,,,,,33,19,24,20,UGA,50.5,UGA,-6.5,,,,,,,,,,,,,,,,,,,,,,,
20626,10,20251101,13:30,ND,BC,,,,,,,,,47,15,25,10,ND,55.5,ND,-30.5,,,,,,,,,,,,,,,,,,,,,,,
20627,10,20251101,13:30,TTU,KSU,,,,,,,,,31,32,43,20,TTU,51.5,TTU,-7.5,,,,,,,,,,,,,,,,,,,,,,,
20628,10,20251101,13:30,MSU,MINN,,,,,,,,,17,27,20,23,MINN,44.5,MINN,-5.5,,,,,,,,,,,,,,,,,,,,,,,
20629,10,20251101,13:30,PITT,STAN,,,,,,,,,35,19,35,20,PITT,52.5,PITT,-13.5,,,,,,,,,,,,,,,,,,,,,,,
20630,10,20251101,13:30,DEL,LIB,,,,,,,,,28,35,30,59,LIB,52.5,LIB,-3.5,,,,,,,,,,,,,,,,,,,,,,,
20631,10,20251101,13:30,NMSU,WKU,,,,,,,,,24,33,16,35,WKU,54.5,WKU,-7.5,,,,,,,,,,,,,,,,,,,,,,,
20632,10,20251101,13:30,FRES,BSU,,,,,,,,,22,37,30,7,BSU,47.5,BSU,-17.5,,,,,,,,,,,,,,,,,,,,,,,
20633,10,20251101,13:30,ODU,ULM,,,,,,,,,33,16,31,6,ODU,55.5,ODU,-16.5,,,,,,,,,,,,,,,,,,,,,,,
20634,10,20251101,13:30,LA,USA,,,,,,,,,29,30,31,22,USA,52.5,USA,-3.5,,,,,,,,,,,,,,,,,,,,,,,
20635,10,20251101,13:45,UVA,CAL,,,,,,,,,26,28,31,21,UVA,52.5,UVA,-5.5,,,,,,,,,,,,,,,,,,,,,,,
20636,10,20251101,14:00,MSST,ARK,,,,,,,,,29,30,38,35,ARK,66.5,ARK,-5.5,,,,,,,,,,,,,,,,,,,,,,,
20637,10,20251101,14:00,OKST,KU,,,,,,,,,19,44,21,38,KU,53.5,KU,-24.5,,,,,,,,,,,,,,,,,,,,,,,
20638,10,20251101,14:00,CMU,WMU,,,,,,,,,24,25,21,24,WMU,43.5,WMU,-5.5,,,,,,,,,,,,,,,,,,,,,,,
20639,10,20251101,17:00,SCAR,MISS,,,,,,,,,17,31,14,30,MISS,56.5,MISS,-13.5,,,,,,,,,,,,,,,,,,,,,,,
20640,10,20251101,17:00,PUR,MICH,,,,,,,,,12,40,16,21,MICH,48.5,MICH,-22.5,,,,,,,,,,,,,,,,,,,,,,,
20641,10,20251101,17:00,ARIZ,COLO,,,,,,,,,29,26,52,17,ARIZ,51.5,ARIZ,-3.5,,,,,,,,,,,,,,,,,,,,,,,
20642,10,20251101,17:00,WYO,SDSU,,,,,,,,,20,23,7,24,SDSU,41.5,SDSU,-10.5,,,,,,,,,,,,,,,,,,,,,,,
20643,10,20251101,17:30,GT,NCST,,,,,,,,,35,26,36,48,GT,58.5,GT,-4.5,,,,,,,,,,,,,,,,,,,,,,,
20644,10,20251101,17:30,OKLA,TENN,,,,,,,,,25,27,33,27,TENN,55.5,TENN,-2.5,,,,,,,,,,,,,,,,,,,,,,,
20645,10,20251101,17:30,USC,NEB,,,,,,,,,36,25,21,17,USC,58.5,USC,-4.5,,,,,,,,,,,,,,,,,,,,,,,
20646,10,20251101,17:30,UK,AUB,,,,,,,,,19,27,10,3,AUB,44.5,AUB,-11.5,,,,,,,,,,,,,,,,,,,,,,,
20647,10,20251101,17:30,WSU,ORST,,,,,,,,,28,27,7,10,WSU,47.5,WSU,-3.5,,,,,,,,,,,,,,,,,,,,,,,
20648,10,20251101,17:30,WAKE,FSU,,,,,,,,,22,29,7,42,FSU,50.5,FSU,-12.5,,,,,,,,,,,,,,,,,,,,,,,
20649,10,20251101,18:00,ARST,TROY,,,,,,,,,23,33,23,10,TROY,52.5,TROY,-7.5,,,,,,,,,,,,,,,,,,,,,,,
20650,10,20251101,20:15,CIN,UTAH,,,,,,,,,21,27,14,45,UTAH,58.5,UTAH,-9.5,,,,,,,,,,,,,,,,,,,,,,,
20651,10,20251101,20:30,HAW,SJSU,,,,,,,,,24,34,38,45,SJSU,55.5,SJSU,-2.5,,,,,,,,,,,,,,,,,,,,,,,
20652,11,20251104,17:00,UMASS,AKR,,,,,,,,,21,27,10,44,AKR,51.5,AKR,-12.5,,,,,,,,,,,,,,,,,,,,,,,
20653,11,20251104,17:00,M-OH,OHIO,,,,,,,,,22,21,20,24,OHIO,50.5,OHIO,-2.5,,,,,,,,,,,,,,,,,,,,,,,
20654,11,20251105,17:00,KENT,BALL,,,,,,,,,19,24,13,17,BALL,48.5,BALL,-3.5,,,,,,,,,,,,,,,,,,,,,,,
20655,11,20251105,17:00,NIU,TOL,,,,,,,,,19,27,3,42,TOL,41.5,TOL,-15.5,,,,,,,,,,,,,,,,,,,,,,,
20656,11,20251106,17:30,GASO,APP,,,,,,,,,32,39,25,23,APP,61.5,APP,-4.5,,,,,,,,,,,,,,,,,,,,,,,
20657,11,20251106,17:30,UTSA,USF,,,,,,,,,29,35,23,55,USF,66.5,USF,-13.5,,,,,,,,,,,,,,,,,,,,,,,
20658,11,20251107,18:00,HOU,UCF,,,,,,,,,24,25,30,27,UCF,47.5,UCF,-1.5,,,,,,,,,,,,,,,,,,,,,,,
20659,11,20251107,19:00,NW,USC,,,,,,,,,19,36,17,38,USC,54.5,USC,-14.5,,,,,,,,,,,,,,,,,,,,,,,
20660,11,20251107,19:00,TULN,MEM,,,,,,,,,26,36,38,32,MEM,53.5,MEM,-3.5,,,,,,,,,,,,,,,,,,,,,,,
20661,11,20251108,10:00,IND,PSU,,,,,,,,,29,21,27,24,IND,50.5,IND,-13.5,,,,,,,,,,,,,,,,,,,,,,,
20662,11,20251108,10:00,UGA,MSST,,,,,,,,,35,21,41,21,UGA,56.5,UGA,-9.5,,,,,,,,,,,,,,,,,,,,,,,
20663,11,20251108,10:00,BYU,TTU,,,,,,,,,26,35,7,29,TTU,50.5,TTU,-13.5,,,,,,,,,,,,,,,,,,,,,,,
20664,11,20251108,10:00,SMU,BC,,,,,,,,,39,19,45,13,SMU,54.5,SMU,-10.5,,,,,,,,,,,,,,,,,,,,,,,
20665,11,20251108,10:00,COLO,WVU,,,,,,,,,26,28,22,29,WVU,51.5,WVU,-6.5,,,,,,,,,,,,,,,,,,,,,,,
20666,11,20251108,10:00,JMU,MRSH,,,,,,,,,40,24,35,23,JMU,52.5,JMU,-13.5,,,,,,,,,,,,,,,,,,,,,,,
20667,11,20251108,10:00,USM,ARST,,,,,,,,,26,32,27,21,USM,54.5,USM,-6.5,,,,,,,,,,,,,,,,,,,,,,,
20668,11,20251108,10:00,TEM,ARMY,,,,,,,,,19,34,13,14,ARMY,45.5,ARMY,-7.5,,,,,,,,,,,,,,,,,,,,,,,
20669,11,20251108,11:00,OSU,PUR,,,,,,,,,41,10,34,10,OSU,49.5,OSU,-30.5,,,,,,,,,,,,,,,,,,,,,,,
20670,11,20251108,11:00,CIT,MISS,,,,,,,,,,,0,49,MISS,63.5,MISS,-52.5,,,,,,,,,,,,,,,,,,,,,,,
20671,11,20251108,11:00,MOST,LIB,,,,,,,,,21,37,21,17,LIB,51.5,LIB,-7.5,,,,,,,,,,,,,,,,,,,,,,,
20672,11,20251108,11:00,BGSU,EMU,,,,,,,,,25,28,21,27,EMU,49.5,EMU,-3.5,,,,,,,,,,,,,,,,,,,,,,,
20673,11,20251108,12:00,UAB,RICE,,,,,,,,,29,26,17,24,RICE,51.5,RICE,-1.5,,,,,,,,,,,,,,,,,,,,,,,
20674,11,20251108,12:30,UMD,RUTG,,,,,,,,,27,25,20,35,RUTG,56.5,RUTG,-1.5,,,,,,,,,,,,,,,,,,,,,,,
20675,11,20251108,13:00,LT,DEL,,,,,,,,,31,33,24,25,LT,57.5,LT,-5.5,,,,,,,,,,,,,,,,,,,,,,,
20676,11,20251108,13:00,FIU,MTSU,,,,,,,,,28,27,56,30,MTSU,50.5,MTSU,-1.5,,,,,,,,,,,,,,,,,,,,,,,
20677,11,20251108,13:00,JVST,UTEP,,,,,,,,,34,19,30,27,JVST,46.5,JVST,-1.5,,,,,,,,,,,,,,,,,,,,,,,
20678,11,20251108,13:00,CHAR,ECU,,,,,,,,,14,35,22,48,ECU,56.5,ECU,-29.5,,,,,,,,,,,,,,,,,,,,,,,
20679,11,20251108,13:00,TLSA,FAU,,,,,,,,,30,32,21,40,FAU,60.5,FAU,-4.5,,,,,,,,,,,,,,,,,,,,,,,
20680,11,20251108,13:30,TAMU,MIZZ,,,,,,,,,28,27,28,17,TAMU,48.5,TAMU,-6.5,,,,,,,,,,,,,,,,,,,,,,,
20681,11,20251108,13:30,ORE,IOWA,,,,,,,,,30,22,18,16,ORE,42.5,ORE,-4.5,,,,,,,,,,,,,,,,,,,,,,,
20682,11,20251108,13:30,SYR,MIA,,,,,,,,,19,43,10,38,MIA,47.5,MIA,-28.5,,,,,,,,,,,,,,,,,,,,,,,
20683,11,20251108,13:30,DUKE,CONN,,,,,,,,,37,25,34,37,DUKE,62.5,DUKE,-7.5,,,,,,,,,,,,,,,,,,,,,,,
20684,11,20251108,13:30,KU,ARIZ,,,,,,,,,32,33,20,24,ARIZ,56.5,ARIZ,-6.5,,,,,,,,,,,,,,,,,,,,,,,
20685,11,20251108,13:30,ISU,TCU,,,,,,,,,27,29,20,17,TCU,58.5,TCU,-7.5,,,,,,,,,,,,,,,,,,,,,,,
20686,11,20251108,14:00,AUB,VAN,,,,,,,,,22,28,38,45,VAN,46.5,VAN,-5.5,,,,,,,,,,,,,,,,,,,,,,,
20687,11,20251108,14:00,KSW,NMSU,,,,,,,,,27,23,24,21,KSW,52.5,KSW,-11.5,,,,,,,,,,,,,,,,,,,,,,,
20688,11,20251108,14:00,GAST,CCAR,,,,,,,,,23,33,27,40,CCAR,56.5,CCAR,-7.5,,,,,,,,,,,,,,,,,,,,,,,
20689,11,20251108,14:30,WASH,WIS,,,,,,,,,28,14,10,13,WASH,44.5,WASH,-10.5,,,,,,,,,,,,,,,,,,,,,,,
20690,11,20251108,14:30,STAN,UNC,,,,,,,,,19,30,15,20,UNC,41.5,UNC,-8.5,,,,,,,,,,,,,,,,,,,,,,,
20691,11,20251108,15:00,TXST,LA,,,,,,,,,35,37,39,42,TXST,63.5,TXST,-3.5,,,,,,,,,,,,,,,,,,,,,,,
20692,11,20251108,16:00,AFA,SJSU,,,,,,,,,27,36,26,16,SJSU,68.5,SJSU,-6.5,,,,,,,,,,,,,,,,,,,,,,,
20693,11,20251108,17:00,WAKE,UVA,,,,,,,,,23,31,16,9,UVA,48.5,UVA,-6.5,,,,,,,,,,,,,,,,,,,,,,,
20694,11,20251108,17:00,CAL,LOU,,,,,,,,,21,33,29,26,LOU,49.5,LOU,-18.5,,,,,,,,,,,,,,,,,,,,,,,
20695,11,20251108,17:00,FSU,CLEM,,,,,,,,,24,28,10,24,CLEM,57.5,CLEM,-1.5,,,,,,,,,,,,,,,,,,,,,,,
20696,11,20251108,17:30,LSU,BAMA,,,,,,,,,23,29,9,20,BAMA,49.5,BAMA,-10.5,,,,,,,,,,,,,,,,,,,,,,,
20697,11,20251108,17:30,NAVY,ND,,,,,,,,,16,40,10,49,ND,54.5,ND,-30.5,,,,,,,,,,,,,,,,,,,,,,,
20698,11,20251108,17:30,FLA,UK,,,,,,,,,23,22,7,38,FLA,44.5,FLA,-5.5,,,,,,,,,,,,,,,,,,,,,,,
20699,11,20251108,17:30,NEV,USU,,,,,,,,,24,37,14,51,USU,52.5,USU,-9.5,,,,,,,,,,,,,,,,,,,,,,,
20700,11,20251108,19:00,NEB,UCLA,,,,,,,,,22,21,28,21,UCLA,45.5,UCLA,-2.5,,,,,,,,,,,,,,,,,,,,,,,
20701,11,20251108,19:30,UNLV,CSU,,,,,,,,,28,24,42,10,UNLV,61.5,UNLV,-4.5,,,,,,,,,,,,,,,,,,,,,,,
20702,11,20251108,20:00,SHSU,ORST,,,,,,,,,17,30,21,17,ORST,52.5,ORST,-21.5,,,,,,,,,,,,,,,,,,,,,,,
20703,11,20251108,21:00,SDSU,HAW,,,,,,,,,29,24,6,38,SDSU,47.5,SDSU,-6.5,,,,,,,,,,,,,,,,,,,,,,,
20704,12,20251111,17:30,KENT,AKR,,,,,,,,,18,26,42,35,ARK,49.5,AKR,-7.5,,,,,,,,,,,,,,,,,,,,,,,
20705,12,20251111,18:00,OHIO,WMU,,,,,,,,,29,18,13,17,WMU,46.5,WMU,-1.5,,,,,,,,,,,,,,,,,,,,,,,
20706,12,20251112,17:00,BUFF,CMU,,,,,,,,,29,25,19,38,CMU,44.5,CMU,-2.5,,,,,,,,,,,,,,,,,,,,,,,
20707,12,20251112,17:00,NIU,UMASS,,,,,,,,,32,16,45,3,NIU,43.5,NIU,-8.5,,,,,,,,,,,,,,,,,,,,,,,
20708,12,20251112,17:00,TOL,M-OH,,,,,,,,,23,24,24,3,TOL,44.5,TOL,-6.5,,,,,,,,,,,,,,,,,,,,,,,
20709,12,20251113,17:30,TROY,ODU,,,,,,,,,22,29,0,33,ODU,53.5,ODU,-9.5,,,,,,,,,,,,,,,,,,,,,,,
20710,12,20251114,17:30,CLEM,LOU,,,,,,,,,26,28,20,19,LOU,50.5,LOU,-2.5,,,,,,,,,,,,,,,,,,,,,,,
20711,12,20251114,19:00,MINN,ORE,,,,,,,,,16,38,13,42,ORE,45.5,ORE,-26.5,,,,,,,,,,,,,,,,,,,,,,,
20712,12,20251115,10:00,WIS,IND,,,,,,,,,12,33,7,31,IND,43.5,IND,-27.5,,,,,,,,,,,,,,,,,,,,,,,
20713,12,20251115,10:00,SCAR,TAMU,,,,,,,,,18,32,30,31,TAMU,49.5,TAMU,-16.5,,,,,,,,,,,,,,,,,,,,,,,
20714,12,20251115,10:00,ND,PITT,,,,,,,,,41,18,37,15,ND,54.5,ND,-12.5,,,,,,,,,,,,,,,,,,,,,,,
20715,12,20251115,10:00,MICH,NW,,,,,,,,,28,15,24,22,MICH,42.5,MICH,-10.5,,,,,,,,,,,,,,,,,,,,,,,
20716,12,20251115,10:00,ARIZ,CIN,,,,,,,,,28,31,30,24,CIN,56.5,CIN,-6.5,,,,,,,,,,,,,,,,,,,,,,,
20717,12,20251115,10:00,KSU,OKST,,,,,,,,,42,17,14,6,KSU,50.5,KSU,-19.5,,,,,,,,,,,,,,,,,,,,,,,
20718,12,20251115,10:00,AFA,CONN,,,,,,,,,29,37,16,26,CONN,64.5,CONN,-7.5,,,,,,,,,,,,,,,,,,,,,,,
20719,12,20251115,10:00,UTSA,CHAR,,,,,,,,,39,20,28,7,UTSA,57.5,UTSA,-17.5,,,,,,,,,,,,,,,,,,,,,,,
20720,12,20251115,10:00,USF,NAVY,,,,,,,,,29,27,38,41,USF,62.5,USF,-8.5,,,,,,,,,,,,,,,,,,,,,,,
20721,12,20251115,10:00,EMU,BALL,,,,,,,,,30,18,24,9,EMU,48.5,EMU,-2.5,,,,,,,,,,,,,,,,,,,,,,,
20722,12,20251115,10:45,ARK,LSU,,,,,,,,,22,34,22,23,LSU,58.5,LSU,-4.5,,,,,,,,,,,,,,,,,,,,,,,
20723,12,20251115,11:00,ORST,TLSA,,,,,,,,,30,23,14,31,TLSA,50.5,TLSA,-1.5,,,,,,,,,,,,,,,,,,,,,,,
20724,12,20251115,11:00,WVU,ASU,,,,,,,,,22,31,23,25,ARIZ,46.5,ARIZ,-9.5,,,,,,,,,,,,,,,,,,,,,,,
20725,12,20251115,11:30,TNTC,UK,,,,,,,,,,,10,42,UK,52.5,UK,-22.5,,,,,,,,,,,,,,,,,,,,,,,
20726,12,20251115,12:00,MRSH,GAST,,,,,,,,,37,29,30,18,MRSH,59.5,MRSH,-9.5,,,,,,,,,,,,,,,,,,,,,,,
20727,12,20251115,12:00,UNT,UAB,,,,,,,,,56,30,53,24,UNT,69.6,UNT,-17.5,,,,,,,,,,,,,,,,,,,,,,,
20728,12,20251115,13:00,UTEP,MOST,,,,,,,,,21,25,24,38,MOST,48.5,MOST,-7.5,,,,,,,,,,,,,,,,,,,,,,,
20729,12,20251115,13:00,CSU,UNM,,,,,,,,,28,35,17,20,UNM,52.5,UNM,-15.5,,,,,,,,,,,,,,,,,,,,,,,
20730,12,20251115,13:30,OKLA,BAMA,,,,,,,,,20,26,23,21,BAMA,46.5,BAMA,-6.5,,,,,,,,,,,,,,,,,,,,,,,
20731,12,20251115,13:30,UCF,TTU,,,,,,,,,21,37,9,48,TTU,48.5,TTU,-24.5,,,,,,,,,,,,,,,,,,,,,,,
20732,12,20251115,13:30,UVA,DUKE,,,,,,,,,25,34,34,17,DUKE,60.5,DUKE,-5.5,,,,,,,,,,,,,,,,,,,,,,,
20733,12,20251115,13:30,GT,BC,,,,,,,,,39,22,36,34,GT,61.5,GT,-16.5,,,,,,,,,,,,,,,,,,,,,,,
20734,12,20251115,13:30,NCST,MIA,,,,,,,,,23,42,7,41,MIA,54.5,MIA,-16.5,,,,,,,,,,,,,,,,,,,,,,,
20735,12,20251115,13:30,IOWA,USC,,,,,,,,,26,29,21,26,USC,48.5,USC,-6.5,,,,,,,,,,,,,,,,,,,,,,,
20736,12,20251115,13:30,PSU,MSU,,,,,,,,,28,15,28,10,PSU,49.5,PSU,-6.5,,,,,,,,,,,,,,,,,,,,,,,
20737,12,20251115,13:30,UMD,ILL,,,,,,,,,25,31,6,24,ILL,51.5,ILL,-15.5,,,,,,,,,,,,,,,,,,,,,,,
20738,12,20251115,13:30,MTSU,WKU,,,,,,,,,21,37,26,42,WKU,51.5,WKU,-13.5,,,,,,,,,,,,,,,,,,,,,,,
20739,12,20251115,13:30,SJSU,NEV,,,,,,,,,33,19,10,55,SJSU,49.5,SJSU,-9.5,,,,,,,,,,,,,,,,,,,,,,,
20740,12,20251115,13:30,APP,JMU,,,,,,,,,24,41,10,58,JMU,54.5,JMU,-19.5,,,,,,,,,,,,,,,,,,,,,,,
20741,12,20251115,13:30,USA,ULM,,,,,,,,,33,17,26,14,USA,50.5,USA,-4.5,,,,,,,,,,,,,,,,,,,,,,,
20742,12,20251115,13:30,TXST,USM,,,,,,,,,41,30,41,14,USM,65.6,USM,-3.5,,,,,,,,,,,,,,,,,,,,,,,
20743,12,20251115,14:00,MEM,ECU,,,,,,,,,32,27,27,31,ECU,57.5,ECU,-2.5,,,,,,,,,,,,,,,,,,,,,,,
20744,12,20251115,14:00,FAU,TULN,,,,,,,,,22,40,24,35,TULN,61.5,TULN,-17.5,,,,,,,,,,,,,,,,,,,,,,,
20745,12,20251115,14:15,NMSU,TENN,,,,,,,,,15,53,9,42,TENN,60.5,TENN,-41.5,,,,,,,,,,,,,,,,,,,,,,,
20746,12,20251115,14:30,UNC,WAKE,,,,,,,,,24,27,12,28,WAKE,37.5,WAKE,-3.5,,,,,,,,,,,,,,,,,,,,,,,
20747,12,20251115,15:00,LIB,FIU,,,,,,,,,36,24,27,34,LIB,53.5,LIB,-4.5,,,,,,,,,,,,,,,,,,,,,,,
20748,12,20251115,16:00,CCAR,GASO,,,,,,,,,30,33,40,45,GASO,58.5,GASO,-3.5,,,,,,,,,,,,,,,,,,,,,,,
20749,12,20251115,17:00,FLA,MISS,,,,,,,,,18,36,24,34,MISS,53.5,MISS,-11.5,,,,,,,,,,,,,,,,,,,,,,,
20750,12,20251115,17:00,UTAH,BAY,,,,,,,,,31,23,55,28,UTAH,61.5,UTAH,-9.5,,,,,,,,,,,,,,,,,,,,,,,
20751,12,20251115,17:00,PUR,WASH,,,,,,,,,15,37,13,49,WASH,51.5,WASH,-14.5,,,,,,,,,,,,,,,,,,,,,,,
20752,12,20251115,17:00,DEL,SHSU,,,,,,,,,33,25,23,26,DEL,56.5,DEL,-13.5,,,,,,,,,,,,,,,,,,,,,,,
20753,12,20251115,17:00,USU,UNLV,,,,,,,,,30,48,26,29,UNLV,68.5,UNLV,-4.5,,,,,,,,,,,,,,,,,,,,,,,
20754,12,20251115,17:30,UCLA,OSU,,,,,,,,,10,38,10,48,OSU,46.5,OSU,-32.5,,,,,,,,,,,,,,,,,,,,,,,
20755,12,20251115,17:30,TEX,UGA,,,,,,,,,23,25,10,35,UGA,50.5,UGA,-3.5,,,,,,,,,,,,,,,,,,,,,,,
20756,12,20251115,17:30,VT,FSU,,,,,,,,,26,32,14,34,FLA,53.5,FLA,-13.5,,,,,,,,,,,,,,,,,,,,,,,
20757,12,20251115,17:45,MSST,MIZZ,,,,,,,,,21,33,27,49,MIZZ,50.5,MIZZ,-7.5,,,,,,,,,,,,,,,,,,,,,,,
20758,12,20251115,18:00,KSW,JVST,,,,,,,,,22,31,26,35,KSW,55.5,KSW,-3.5,,,,,,,,,,,,,,,,,,,,,,,
20759,12,20251115,20:00,LT,WSU,,,,,,,,,23,31,3,28,WSU,43.5,WSU,-10.5,,,,,,,,,,,,,,,,,,,,,,,
20760,12,20251115,20:15,TCU,BYU,,,,,,,,,30,28,13,44,BYU,51.5,BYU,-2.5,,,,,,,,,,,,,,,,,,,,,,,
20761,12,20251115,20:30,BSU,SDSU,,,,,,,,,30,23,7,17,SDSU,43.5,SDSU,-2.5,,,,,,,,,,,,,,,,,,,,,,,
20762,12,20251115,20:30,WYO,FRES,,,,,,,,,20,25,3,24,FRES,40.5,FRES,-2.5,,,,,,,,,,,,,,,,,,,,,,,
20763,13,20251118,17:00,AKR,BGSU,,,,,,,,,19,30,19,16,BGSU,47.5,BGSU,-2.5,,,,,,,,,,,,,,,,,,,,,,,
20764,13,20251118,17:00,UMASS,OHIO,,,,,,,,,12,42,14,42,OHIO,53.5,OHIO,-34.5,,,,,,,,,,,,,,,,,,,,,,,
20765,13,20251118,17:00,WMU,NIU,,,,,,,,,20,24,35,19,WMU,38.5,WMU,-6.5,,,,,,,,,,,,,,,,,,,,,,,
20766,13,20251119,17:00,M-OH,BUFF,,,,,,,,,24,21,37,20,M-OH,38.5,M-OH,-2.5,,,,,,,,,,,,,,,,,,,,,,,
20767,13,20251119,17:00,CMU,KENT,,,,,,,,,31,19,28,16,CMU,50.5,CMU,-7.5,,,,,,,,,,,,,,,,,,,,,,,
20768,13,20251120,17:30,LA,ARST,,,,,,,,,32,27,34,30,ARST,54.5,ARST,-2.5,,,,,,,,,,,,,,,,,,,,,,,
20769,13,20251121,18:00,FSU,NCST,,,,,,,,,31,26,11,21,FSU,59.5,FSU,-6.5,,,,,,,,,,,,,,,,,,,,,,,
20770,13,20251121,20:30,HAW,UNLV,,,,,,,,,24,37,10,38,UNLV,64.5,UNLV,-2.5,,,,,,,,,,,,,,,,,,,,,,,
20771,13,20251122,10:00,RUTG,OSU,,,,,,,,,13,42,9,42,OSU,54.5,OSU,-29.5,,,,,,,,,,,,,,,,,,,,,,,
20772,13,20251122,10:00,SAM,TAMU,,,,,,,,,,,0,48,TAMU,59.5,TAMU,-53.5,,,,,,,,,,,,,,,,,,,,,,,
20773,13,20251122,10:00,MIZZ,OKLA,,,,,,,,,20,26,6,17,OKLA,42.5,OKLA,-5.5,,,,,,,,,,,,,,,,,,,,,,,
20774,13,20251122,10:00,MIA,VT,,,,,,,,,39,25,34,17,MIA,48.5,MIA,-18.5,,,,,,,,,,,,,,,,,,,,,,,
20775,13,20251122,10:00,LOU,SMU,,,,,,,,,26,31,6,38,SMU,49.5,SMU,-3.5,,,,,,,,,,,,,,,,,,,,,,,
20776,13,20251122,10:00,MINN,NW,,,,,,,,,21,20,35,38,NW,41.5,NW,-3.5,,,,,,,,,,,,,,,,,,,,,,,
20777,13,20251122,10:00,DEL,WAKE,,,,,,,,,25,36,14,52,WAKE,49.5,WAKE,-17.5,,,,,,,,,,,,,,,,,,,,,,,
20778,13,20251122,10:00,KU,ISU,,,,,,,,,25,31,14,38,ISU,55.5,ISU,-3.5,,,,,,,,,,,,,,,,,,,,,,,
20779,13,20251122,10:00,TLSA,ARMY,,,,,,,,,19,30,36,35,ARMY,43.5,ARMY,-9.5,,,,,,,,,,,,,,,,,,,,,,,
20780,13,20251122,10:45,CHAR,UGA,,,,,,,,,9,58,3,35,UGA,53.5,UGA,-42.5,,,,,,,,,,,,,,,,,,,,,,,
20781,13,20251122,11:00,WSU,JMU,,,,,,,,,19,36,20,24,JMU,44.5,JMU,-16.5,,,,,,,,,,,,,,,,,,,,,,,
20782,13,20251122,11:00,BAY,ARIZ,,,,,,,,,31,36,17,41,ARIZ,61.5,ARIZ,-6.5,,,,,,,,,,,,,,,,,,,,,,,
20783,13,20251122,11:00,ODU,GASO,,,,,,,,,32,26,45,10,ODU,62.5,ODU,-9.5,,,,,,,,,,,,,,,,,,,,,,,
20784,13,20251122,12:00,EIU,BAMA,,,,,,,,,,,0,56,BAMA,57.5,BAMA,-50.5,,,,,,,,,,,,,,,,,,,,,,,
20785,13,20251122,12:00,MER,AUB,,,,,,,,,,,17,62,AUB,51.5,AUB,-26.5,,,,,,,,,,,,,,,,,,,,,,,
20786,13,20251122,12:00,MOST,KSW,,,,,,,,,22,26,34,41,KSW,54.5,KSW,-6.5,,,,,,,,,,,,,,,,,,,,,,,
20787,13,20251122,12:00,NEV,WYO,,,,,,,,,18,25,13,7,WYO,39.5,WYO,-6.5,,,,,,,,,,,,,,,,,,,,,,,
20788,13,20251122,12:00,BALL,TOL,,,,,,,,,13,37,9,38,TOL,45.5,TOL,-29.5,,,,,,,,,,,,,,,,,,,,,,,
20789,13,20251122,12:30,MRSH,APP,,,,,,,,,32,37,24,26,MRSH,56.5,MRSH,-4.5,,,,,,,,,,,,,,,,,,,,,,,
20790,13,20251122,12:30,USF,UAB,,,,,,,,,47,26,48,18,USF,68.5,USF,-21.5,,,,,,,,,,,,,,,,,,,,,,,
20791,13,20251122,13:00,CONN,FAU,,,,,,,,,37,27,48,45,CONN,64.5,CONN,-6.5,,,,,,,,,,,,,,,,,,,,,,,
20792,13,20251122,13:00,LIB,LT,,,,,,,,,34,24,28,31,LIB,45.5,LIB,-1.5,,,,,,,,,,,,,,,,,,,,,,,
20793,13,20251122,13:00,SHSU,MTSU,,,,,,,,,,,17,31,MTSU,53.5,MTSU,-6.5,,,,,,,,,,,,,,,,,,,,,,,
20794,13,20251122,13:00,NMSU,UTEP,,,,,,,,,25,26,34,31,UTEP,44.5,UTEP,-3.5,,,,,,,,,,,,,,,,,,,,,,,
20795,13,20251122,13:30,USC,ORE,,,,,,,,,28,38,27,42,ORE,59.5,ORE,-10.5,,,,,,,,,,,,,,,,,,,,,,,
20796,13,20251122,13:30,SYR,ND,,,,,,,,,12,50,7,70,ND,51.5,ND,-36.5,,,,,,,,,,,,,,,,,,,,,,,
20797,13,20251122,13:30,ARK,TEX,,,,,,,,,16,35,37,52,TEX,58.5,TEX,-8.5,,,,,,,,,,,,,,,,,,,,,,,
20798,13,20251122,13:30,UK,VAN,,,,,,,,,24,31,17,45,VAN,54.5,VAN,-7.5,,,,,,,,,,,,,,,,,,,,,,,
20799,13,20251122,13:30,MSU,IOWA,,,,,,,,,12,32,17,20,IOWA,43.5,IOWA,-17.5,,,,,,,,,,,,,,,,,,,,,,,
20800,13,20251122,13:30,DUKE,UNC,,,,,,,,,32,25,32,25,DUKE,50.5,DUKE,-6.5,,,,,,,,,,,,,,,,,,,,,,,
20801,13,20251122,13:30,JVST,FIU,,,,,,,,,37,24,21,27,FIU,56.5,FIU,-2.5,,,,,,,,,,,,,,,,,,,,,,,
20802,13,20251122,13:30,USM,USA,,,,,,,,,22,35,35,42,USM,53.5,USM,-2.5,,,,,,,,,,,,,,,,,,,,,,,
20803,13,20251122,13:30,ECU,UTSA,,,,,,,,,27,29,24,58,ECU,62.5,ECU,-1.5,,,,,,,,,,,,,,,,,,,,,,,
20804,13,20251122,13:45,TULN,TEM,,,,,,,,,38,20,37,13,TULN,53.5,TULN,-7.5,,,,,,,,,,,,,,,,,,,,,,,
20805,13,20251122,14:00,KSU,UTAH,,,,,,,,,22,27,47,51,UTAH,52.5,UTAH,-17.5,,,,,,,,,,,,,,,,,,,,,,,
20806,13,20251122,14:00,MICH,UMD,,,,,,,,,30,18,45,20,MICH,46.5,MICH,-13.5,,,,,,,,,,,,,,,,,,,,,,,
20807,13,20251122,14:00,TCU,HOU,,,,,,,,,29,23,17,14,TCU,55.5,TCU,-1.5,,,,,,,,,,,,,,,,,,,,,,,
20808,13,20251122,14:00,OKST,UCF,,,,,,,,,19,35,14,17,UCF,47.5,UCF,-13.5,,,,,,,,,,,,,,,,,,,,,,,
20809,13,20251122,14:00,GAST,TROY,,,,,,,,,21,33,19,31,TROY,51.5,TROY,-9.5,,,,,,,,,,,,,,,,,,,,,,,
20810,13,20251122,14:15,CCAR,SCAR,,,,,,,,,16,33,7,51,SCAR,49.5,SCAR,-23.5,,,,,,,,,,,,,,,,,,,,,,,
20811,13,20251122,14:30,FUR,CLEM,,,,,,,,,,,10,45,CLEM,55.5,CLEM,-41.5,,,,,,,,,,,,,,,,,,,,,,,
20812,13,20251122,15:00,ULM,TXST,,,,,,,,,18,45,14,31,TXST,595.5,TXST,-20.5,,,,,,,,,,,,,,,,,,,,,,,
20813,13,20251122,17:00,PITT,GT,,,,,,,,,29,35,42,28,GT,61.5,GT,-2.5,,,,,,,,,,,,,,,,,,,,,,,
20814,13,20251122,17:00,NEB,PSU,,,,,,,,,17,27,10,37,PSU,45.5,PSU,-6.5,,,,,,,,,,,,,,,,,,,,,,,
20815,13,20251122,17:00,UNM,AFA,,,,,,,,,36,34,20,3,UNM,53.5,UNM,-3.5,,,,,,,,,,,,,,,,,,,,,,,
20816,13,20251122,17:00,CSU,BSU,,,,,,,,,19,32,21,49,BSU,45.5,BSU,-17.5,,,,,,,,,,,,,,,,,,,,,,,
20817,13,20251122,17:30,TENN,FLA,,,,,,,,,31,23,31,11,TENN,58.5,TENN,-3.5,,,,,,,,,,,,,,,,,,,,,,,
20818,13,20251122,17:30,ILL,WIS,,,,,,,,,24,17,10,27,ILL,41.5,ILL,-8.5,,,,,,,,,,,,,,,,,,,,,,,
20819,13,20251122,17:30,CAL,STAN,,,,,,,,,29,19,10,31,CAL,47.5,CAL,-4.5,,,,,,,,,,,,,,,,,,,,,,,
20820,13,20251122,17:30,UNT,RICE,,,,,,,,,43,26,56,24,UNT,56.5,UNT,-18.5,,,,,,,,,,,,,,,,,,,,,,,
20821,13,20251122,17:45,WKU,LSU,,,,,,,,,15,41,10,13,LSU,52.5,LSU,-24.5,,,,,,,,,,,,,,,,,,,,,,,
20822,13,20251122,18:00,BYU,CIN,,,,,,,,,27,29,26,14,BYU,56.5,BYU,-2.5,,,,,,,,,,,,,,,,,,,,,,,
20823,13,20251122,18:00,ASU,COLO,,,,,,,,,27,24,42,17,ASU,47.5,ASU,-6.5,,,,,,,,,,,,,,,,,,,,,,,
20824,13,20251122,20:30,WASH,UCLA,,,,,,,,,31,18,48,14,WASH,51.5,WASH,-10.5,,,,,,,,,,,,,,,,,,,,,,,
20825,13,20251122,20:30,USU,FRES,,,,,,,,,27,36,28,17,FRES,50.5,FRES,-2.5,,,,,,,,,,,,,,,,,,,,,,,
20826,13,20251122,20:30,SJSU,SDSU,,,,,,,,,25,24,3,25,SDSU,50.5,SDSU,-10.5,,,,,,,,,,,,,,,,,,,,,,,
20827,14,20251125,14:30,BGSU,UMASS,,,,,,,,,36,18,45,14,BGSU,44.5,BGSU,-13.5,,,,,,,,,,,,,,,,,,,,,,,
20828,14,20251125,17:30,WMU,EMU,,,,,,,,,24,27,31,21,WMU,49.5,WMU,-9.5,,,,,,,,,,,,,,,,,,,,,,,
20829,14,20251127,17:30,NAVY,MEM,,,,,,,,,26,35,28,17,MEM,57.5,MEM,-3.5,,,,,,,,,,,,,,,,,,,,,,,
20830,14,20251128,10:00,MISS,MSST,,,,,,,,,37,23,38,19,MISS,62.5,MISS,-7.5,,,,,,,,,,,,,,,,,,,,,,,
20831,14,20251128,10:00,UTAH,KU,,,,,,,,,30,25,31,21,UTAH,60.5,UTAH,-10.5,,,,,,,,,,,,,,,,,,,,,,,
20832,14,20251128,10:00,IOWA,NEB,,,,,,,,,25,18,40,16,IOWA,39.5,IOWA,-5.5,,,,,,,,,,,,,,,,,,,,,,,
20833,14,20251128,10:00,OHIO,BUFF,,,,,,,,,27,22,31,26,OHIO,44.5,OHIO,-6.5,,,,,,,,,,,,,,,,,,,,,,,
20834,14,20251128,10:00,KENT,NIU,,,,,,,,,15,32,35,31,NIU,44.5,NIU,-4.5,,,,,,,,,,,,,,,,,,,,,,,
20835,14,20251128,13:00,AFA,CSU,,,,,,,,,26,28,42,21,AFA,47.5,AFA,-2.5,,,,,,,,,,,,,,,,,,,,,,,
20836,14,20251128,13:30,UGA,GT,,,,,,,,,45,22,16,9,UGA,59.5,UGA,-16.5,,,,,,,,,,,,,,,,,,,,,,,
20837,14,20251128,13:30,SDSU,UNM,,,,,,,,,25,28,17,23,SDSU,41.5,SDSU,-1.5,,,,,,,,,,,,,,,,,,,,,,,
20838,14,20251128,13:30,TEM,UNT,,,,,,,,,23,56,25,52,UNT,65.5,UNT,-20.5,,,,,,,,,,,,,,,,,,,,,,,
20839,14,20251128,14:00,BSU,USU,,,,,,,,,29,30,25,24,BSU,54.5,BSU,-1.5,,,,,,,,,,,,,,,,,,,,,,,
20840,14,20251128,17:30,IND,PUR,,,,,,,,,39,14,56,3,IND,54.5,IND,-28.5,,,,,,,,,,,,,,,,,,,,,,,
20841,14,20251128,17:30,TAMU,TEX,,,,,,,,,24,26,17,27,TAMU,54.5,TAMU,-2.5,,,,,,,,,,,,,,,,,,,,,,,
20842,14,20251128,19:00,ARIZ,ASU,,,,,,,,,28,27,23,7,ARIZ,48.5,ARIZ,-1.5,,,,,,,,,,,,,,,,,,,,,,,
20843,14,20251129,10:00,OSU,MICH,,,,,,,,,27,19,27,9,OSU,43.5,OSU,-9.5,,,,,,,,,,,,,,,,,,,,,,,
20844,14,20251129,10:00,TTU,WVU,,,,,,,,,41,20,49,0,TTU,52.5,TTU,-24.5,,,,,,,,,,,,,,,,,,,,,,,
20845,14,20251129,10:00,MIA,PITT,,,,,,,,,36,25,38,7,MIA,48.5,MIA,-6.5,,,,,,,,,,,,,,,,,,,,,,,
20846,14,20251129,10:00,HOU,BAY,,,,,,,,,26,30,31,24,BAY,56.5,BAY,-2.5,,,,,,,,,,,,,,,,,,,,,,,
20847,14,20251129,10:00,UK,LOU,,,,,,,,,23,27,0,41,LOU,45.5,LOU,-1.5,,,,,,,,,,,,,,,,,,,,,,,
20848,14,20251129,10:00,CLEM,SCAR,,,,,,,,,19,24,28,14,SCAR,45.5,SCAR,-2.5,,,,,,,,,,,,,,,,,,,,,,,
20849,14,20251129,10:00,COLO,KSU,,,,,,,,,20,35,14,24,KSU,"49,5",KSU,-16.5,,,,,,,,,,,,,,,,,,,,,,,
20850,14,20251129,10:00,ISU,OKST,,,,,,,,,38,16,20,13,ISU,46.5,ISU,-13.5,,,,,,,,,,,,,,,,,,,,,,,
20851,14,20251129,10:00,ECU,FAU,,,,,,,,,34,25,42,3,ECU,66.5,ECU,-6.5,,,,,,,,,,,,,,,,,,,,,,,
20852,14,20251129,10:00,TOL,CMU,,,,,,,,,31,20,21,3,TOL,46.5,TOL,-10.5,,,,,,,,,,,,,,,,,,,,,,,
20853,14,20251129,10:00,BALL,M-OH,,,,,,,,,11,33,24,45,M-OH,40.5,M-OH,-16.5,,,,,,,,,,,,,,,,,,,,,,,
20854,14,20251129,11:00,UCF,BYU,,,,,,,,,23,31,21,41,BYU,46.5,BYU,-17.5,,,,,,,,,,,,,,,,,,,,,,,
20855,14,20251129,11:00,UTEP,DEL,,,,,,,,,29,32,31,61,DEL,55.5,DEL,-4.5,,,,,,,,,,,,,,,,,,,,,,,
20856,14,20251129,11:00,FIU,SHSU,,,,,,,,,27,24,56,16,FIU,50.5,FIU,-10.5,,,,,,,,,,,,,,,,,,,,,,,
20857,14,20251129,11:30,GASO,MRSH,,,,,,,,,34,37,24,19,MRSH,62.5,MRSH,-10.5,,,,,,,,,,,,,,,,,,,,,,,
20858,14,20251129,12:00,WKU,JVST,,,,,,,,,24,34,34,37,WKU,56.5,WKU,-1.5,,,,,,,,,,,,,,,,,,,,,,,
20859,14,20251129,12:00,LT,MOST,,,,,,,,,24,29,42,30,MOST,44.5,MOST,-2.5,,,,,,,,,,,,,,,,,,,,,,,
20860,14,20251129,12:00,GAST,ODU,,,,,,,,,17,39,10,27,ODU,58.5,ODU,-28.5,,,,,,,,,,,,,,,,,,,,,,,
20861,14,20251129,12:30,ARST,APP,,,,,,,,,27,35,20,29,APP,54.5,APP,-1.5,,,,,,,,,,,,,,,,,,,,,,,
20862,14,20251129,13:00,BC,SYR,,,,,,,,,29,28,34,12,BC,52.5,BC,-2.5,,,,,,,,,,,,,,,,,,,,,,,
20863,14,20251129,13:00,MTSU,NMSU,,,,,,,,,26,31,31,24,NMSU,52.5,NMSU,-3.5,,,,,,,,,,,,,,,,,,,,,,,
20864,14,20251129,13:00,ULM,LA,,,,,,,,,15,38,27,30,LA,47.5,LA,-10.5,,,,,,,,,,,,,,,,,,,,,,,
20865,14,20251129,13:00,USA,TXST,,,,,,,,,32,38,26,49,TXST,63.5,TXST,-9.5,,,,,,,,,,,,,,,,,,,,,,,
20866,14,20251129,13:00,UAB,TLSA,,,,,,,,,31,38,31,24,TLSA,56.5,TLSA,-8.5,,,,,,,,,,,,,,,,,,,,,,,
20867,14,20251129,13:30,ORE,WASH,,,,,,,,,31,24,26,14,ORE,50.5,ORE,-6.5,,,,,,,,,,,,,,,,,,,,,,,
20868,14,20251129,13:30,LSU,OKLA,,,,,,,,,16,25,13,17,OKLA,36.5,OKLA,-11.5,,,,,,,,,,,,,,,,,,,,,,,
20869,14,20251129,13:30,VAN,TENN,,,,,,,,,28,34,45,24,TENN,66.5,TENN,-2.5,,,,,,,,,,,,,,,,,,,,,,,
20870,14,20251129,13:30,MIZZ,ARK,,,,,,,,,33,23,31,17,MIZZ,54.5,MIZZ,-4.5,,,,,,,,,,,,,,,,,,,,,,,
20871,14,20251129,13:30,WIS,MINN,,,,,,,,,16,21,7,17,WIS,38.5,WIS,-2.5,,,,,,,,,,,,,,,,,,,,,,,
20872,14,20251129,13:30,PSU,RUTG,,,,,,,,,30,19,40,36,PSU,55.5,PSU,-13.5,,,,,,,,,,,,,,,,,,,,,,,
20873,14,20251129,13:30,WAKE,DUKE,,,,,,,,,24,32,32,49,DUKE,53.5,DUKE,-2.5,,,,,,,,,,,,,,,,,,,,,,,
20874,14,20251129,13:30,CIN,TCU,,,,,,,,,25,30,23,45,TCU,58.5,TCU,-2.5,,,,,,,,,,,,,,,,,,,,,,,
20875,14,20251129,13:30,KSW,LIB,,,,,,,,,25,32,48,42,KSW,55.5,KSW,-2.5,,,,,,,,,,,,,,,,,,,,,,,
20876,14,20251129,13:30,TROY,USM,,,,,,,,,29,24,28,18,USM,50.5,USM,-6.5,,,,,,,,,,,,,,,,,,,,,,,
20877,14,20251129,13:30,ARMY,UTSA,,,,,,,,,,,27,24,UTSA,50.5,UTSA,-8.5,,,,,,,,,,,,,,,,,,,,,,,
20878,14,20251129,13:45,JMU,CCAR,,,,,,,,,38,21,59,10,JMU,54.5,JMU,-23.5,,,,,,,,,,,,,,,,,,,,,,,
20879,14,20251129,14:30,FSU,FLA,,,,,,,,,21,25,21,40,FLA,49.5,FLA,-1.5,,,,,,,,,,,,,,,,,,,,,,,
20880,14,20251129,16:30,ORST,WSU,,,,,,,,,22,28,8,32,WSU,42.5,WSU,-13.5,,,,,,,,,,,,,,,,,,,,,,,
20881,14,20251129,17:00,VT,UVA,,,,,,,,,26,33,7,27,UVA,52.5,UVA,-8.5,,,,,,,,,,,,,,,,,,,,,,,
20882,14,20251129,17:00,UMD,MSU,,,,,,,,,27,19,28,38,MSU,48.5,MSU,-3.5,,,,,,,,,,,,,,,,,,,,,,,
20883,14,20251129,17:00,RICE,USF,,,,,,,,,21,41,3,52,USF,57.5,USF,-28.5,,,,,,,,,,,,,,,,,,,,,,,
20884,14,20251129,17:30,BAMA,AUB,,,,,,,,,27,19,27,20,BAMA,48.5,BAMA,-6.5,,,,,,,,,,,,,,,,,,,,,,,
20885,14,20251129,17:30,UCLA,USC,,,,,,,,,19,40,10,29,USC,58.5,USC,-21.5,,,,,,,,,,,,,,,,,,,,,,,
20886,14,20251129,17:30,NW,ILL,,,,,,,,,21,28,13,20,ILL,44.5,ILL,-6.5,,,,,,,,,,,,,,,,,,,,,,,
20887,14,20251129,17:30,CHAR,TULN,,,,,,,,,13,40,0,27,TULN,51.5,TULN,-30.5,,,,,,,,,,,,,,,,,,,,,,,
20888,14,20251129,17:30,UNC,NCST,,,,,,,,,26,30,19,42,NCST,48.5,NCST,-6.5,,,,,,,,,,,,,,,,,,,,,,,
20889,14,20251129,18:00,SMU,CAL,,,,,,,,,32,20,35,38,SMU,53.5,SMU,-13.5,,,,,,,,,,,,,,,,,,,,,,,
20890,14,20251129,19:00,UNLV,NEV,,,,,,,,,40,19,42,17,UNLV,53.5,UNLV,-7.5,,,,,,,,,,,,,,,,,,,,,,,
20891,14,20251129,20:30,ND,STAN,,,,,,,,,46,11,49,20,ND,49.5,ND,-32.5,,,,,,,,,,,,,,,,,,,,,,,
20892,14,20251129,20:30,FRES,SJSU,,,,,,,,,29,24,41,14,FRES,45.5,FRES,-3.5,,,,,,,,,,,,,,,,,,,,,,,
20893,14,20251129,21:00,WYO,HAW,,,,,,,,,22,23,7,27,HAW,44.5,HAW,-8.5,,,,,,,,,,,,,,,,,,,,,,,
20894,15,20251205,17:00,KSW,JVST,,,,,,,,,25,34,19,15,KSW,62.5,KSW,-2.5,,,,,,,,,,,,,,,,,,,,,,,
20895,15,20251205,17:00,TROY,JMU,,,,,,,,,18,37,14,31,JMU,47.5,JMU,-24.5,,,,,,,,,,,,,,,,,,,,,,,
20896,15,20251205,18:00,UNT,TULN,,,,,,,,,37,34,21,34,UNT,66.5,UNT,-1.5,,,,,,,,,,,,,,,,,,,,,,,
20897,15,20251205,18:00,UNLV,BSU,,,,,,,,,33,34,21,38,BSU,59.5,BSU,-5.5,,,,,,,,,,,,,,,,,,,,,,,
20898,15,20251206,10:00,BYU,TTU,,,,,,,,,24,35,7,34,TTU,50.5,TTU,-12.5,,,,,,,,,,,,,,,,,,,,,,,
20899,15,20251206,10:00,M-OH,WMU,,,,,,,,,26,19,13,23,WMU,43.5,WMU,-2.5,,,,,,,,,,,,,,,,,,,,,,,
20900,15,20251206,14:00,UGA,BAMA,,,,,,,,,28,25,28,7,UGA,48.5,UGA,-1.5,,,,,,,,,,,,,,,,,,,,,,,
20901,15,20251206,18:00,IND,OSU,,,,,,,,,22,28,13,10,OSU,45.5,OSU,-3.5,,,,,,,,,,,,,,,,,,,,,,,
20902,15,20251206,18:00,DUKE,UVA,,,,,,,,,29,28,27,20,UVA,58.5,UVA,-3.5,,,,,,,,,,,,,,,,,,,,,,,
20903,16,20251213,13:00,ARMY,NAVY,,,,,,,,,21,25,16,17,NAVY,38.5,NAVY,-6.5,,,,,,,,,,,,,,,,,,,,,,,
20904,16,20251213,10:00,SCST,PVAM,,,,,,,,,,,40,38,PVAM,52.5,PVAM,-1.5,,,,,,,,,,,,,,,,,,,,,,,
20905,16,20251213,18:00,BSU,WASH,,,,,,,,,23,32,10,38,WASH,52.5,WASH,-9.5,,,,,,,,,,,,,,,,,,,,,,,
20906,16,20251216,19:00,TROY,JVST,,,,,,,,,25,29,13,17,JVST,47.5,JVST,-2.5,,,,,,,,,,,,,,,,,,,,,,,
20907,16,20251217,15:00,ODU,USF,,,,,,,,,27,29,24,10,USF,52.5,USF,-3.5,,,,,,,,,,,,,,,,,,,,,,,
20908,16,20251217,18:30,LA,DEL,,,,,,,,,42,29,13,20,LA,60.5,LA,-1.5,,,,,,,,,,,,,,,,,,,,,,,
20909,16,20251218,17:00,MOST,ARST,,,,,,,,,29,28,28,34,ARST,56.5,ARST,-1.5,,,,,,,,,,,,,,,,,,,,,,,
20910,16,20251219,9:00,KSW,WMU,,,,,,,,,28,22,6,41,WMU,46.5,WMU,-2.5,,,,,,,,,,,,,,,,,,,,,,,
20911,16,20251219,12:30,MEM,NCST,,,,,,,,,25,28,7,31,NCST,56.5,NCST,-3.5,,,,,,,,,,,,,,,,,,,,,,,
20912,16,20251219,18:00,BAMA,OKLA,,,,,,,,,22,23,34,24,OKLA,33.5,OKLA,-1.5,,,,,,,,,,,,,,,,,,,,,,,
20913,16,20251220,10:00,MIA,TAMU,,,,,,,,,26,36,10,3,TAMU,48.5,TAMU,-2.5,,,,,,,,,,,,,,,,,,,,,,,
20914,16,20251220,13:30,TULN,MISS,,,,,,,,,20,40,10,41,MISS,57.5,MISS,-16.5,,,,,,,,,,,,,,,,,,,,,,,
20915,16,20251220,17:50,JMU,ORE,,,,,,,,,21,38,34,51,ORE,39.5,ORE,-20.5,,,,,,,,,,,,,,,,,,,,,,,
20916,16,20251222,12:00,WSU,USU,,,,,,,,,33,28,34,21,USU,50.5,USU,-1.5,,,,,,,,,,,,,,,,,,,,,,,
20917,16,20251223,12:00,TOL,LOU,,,,,,,,,21,30,22,27,LOU,44.5,LOU,-12.5,,,,,,,,,,,,,,,,,,,,,,,
20918,16,20251223,13:30,WKU,USM,,,,,,,,,32,24,27,16,USM,59.5,USM,-2.5,,,,,,,,,,,,,,,,,,,,,,,
20919,16,20251223,19:00,UNLV,OHIO,,,,,,,,,34,24,10,17,UNLV,64.6,UNLV,-6.5,,,,,,,,,,,,,,,,,,,,,,,
20920,16,20251224,18:00,CAL,HAW,,,,,,,,,28,24,31,35,HAW,51.5,HAW,-1.5,,,,,,,,,,,,,,,,,,,,,,,
20921,16,20251226,11:00,CMU,NW,,,,,,,,,16,29,7,34,NW,43.5,NW,-13.5,,,,,,,,,,,,,,,,,,,,,,,
20922,16,20251226,14:30,UNM,MINN,,,,,,,,,25,30,17,20,MINN,44.5,MINN,-1.5,,,,,,,,,,,,,,,,,,,,,,,
20923,16,20251226,18:00,FIU,UTSA,,,,,,,,,26,38,20,57,UTSA,63.5,UTSA,-6.5,,,,,,,,,,,,,,,,,,,,,,,
20924,16,20251227,9:00,PITT,ECU,,,,,,,,,30,24,17,23,PITT,51.5,PITT,-12.5,,,,,,,,,,,,,,,,,,,,,,,
20925,16,20251227,10:00,PSU,CLEM,,,,,,,,,24,22,22,10,CLEM,47.5,CLEM,-2.5,,,,,,,,,,,,,,,,,,,,,,,
20926,16,20251227,12:15,CONN,ARMY,,,,,,,,,27,26,16,41,ARMY,41.5,ARMY,-8.5,,,,,,,,,,,,,,,,,,,,,,,
20927,16,20251227,13:30,GT,BYU,,,,,,,,,30,29,21,25,BYU,54.5,BYU,-3.5,,,,,,,,,,,,,,,,,,,,,,,
20928,16,20251227,14:30,M-OH,FRES,,,,,,,,,22,24,3,18,FRES,40.5,FRES,-5.5,,,,,,,,,,,,,,,,,,,,,,,
20929,16,20251227,15:45,UNT,SDSU,,,,,,,,,36,23,49,47,UNT,54.5,UNT,-7.5,,,,,,,,,,,,,,,,,,,,,,,
20930,16,20251227,17:30,UVA,MIZZ,,,,,,,,,20,31,13,7,MIZZ,43.5,MIZZ,-3.5,,,,,,,,,,,,,,,,,,,,,,,
20931,16,20251227,19:15,LSU,HOU,,,,,,,,,24,19,35,38,HOU,41.5,HOU,-1.5,,,,,,,,,,,,,,,,,,,,,,,
20932,16,20251229,12:00,GASO,APP,,,,,,,,,35,33,29,10,GASO,57.5,GASO,-9.5,,,,,,,,,,,,,,,,,,,,,,,
20933,16,20251230,12:00,CCAR,LT,,,,,,,,,28,30,14,23,LT,51.5,LT,-9.5,,,,,,,,,,,,,,,,,,,,,,,
20934,16,20251230,15:30,TENN,ILL,,,,,,,,,35,24,28,30,TENN,61.5,TENN,-2.5,,,,,,,,,,,,,,,,,,,,,,,
20935,16,20251230,19:00,USC,TCU,,,,,,,,,37,27,27,30,USC,56.5,USC,-4.5,,,,,,,,,,,,,,,,,,,,,,,
20936,16,20251231,10:00,IOWA,VAN,,,,,,,,,26,25,34,27,VAN,46.5,VAN,-3.5,,,,,,,,,,,,,,,,,,,,,,,
20937,16,20251231,12:00,ASU,DUKE,,,,,,,,,26,29,39,42,DUKE,47.5,DUKE,-3.5,,,,,,,,,,,,,,,,,,,,,,,
20938,16,20251231,13:00,MICH,TEX,,,,,,,,,18,25,27,41,TEX,49.5,TEX,-4.5,,,,,,,,,,,,,,,,,,,,,,,
20939,16,20251231,13:30,NEB,UTAH,,,,,,,,,20,28,22,44,UTAH,51.5,UTAH,-13.5,,,,,,,,,,,,,,,,,,,,,,,
20940,16,20251231,17:30,MIA,OSU,,,,,,,,,19,29,24,14,OSU,39.5,OSU,-7.5,,,,,,,,,,,,,,,,,,,,,,,
20941,16,20260101,10:00,ORE,TTU,,,,,,,,,32,26,23,0,TTU,50.5,TTU,-1.5,,,,,,,,,,,,,,,,,,,,,,,
20942,16,20260101,14:00,BAMA,IND,,,,,,,,,25,26,3,38,IND,46.5,IND,-7.5,,,,,,,,,,,,,,,,,,,,,,,
20943,16,20260101,18:00,MISS,UGA,,,,,,,,,27,29,39,34,UGA,53.5,UGA,-5.5,,,,,,,,,,,,,,,,,,,,,,,
20944,16,20260102,11:00,RICE,TXST,,,,,,,,,26,40,10,41,TXST,55.5,TXST,-19.5,,,,,,,,,,,,,,,,,,,,,,,
20945,16,20260102,14:30,NAVY,CIN,,,,,,,,,27,26,35,13,NAVY,57.5,NAVY,-7.5,,,,,,,,,,,,,,,,,,,,,,,
20946,16,20260102,18:00,ARIZ,SMU,,,,,,,,,28,30,19,24,SMU,55.5,SMU,-2.5,,,,,,,,,,,,,,,,,,,,,,,
20947,16,20260102,18:00,WAKE,MSST,,,,,,,,,23,30,43,29,MSST,52.5,MSST,-2.5,,,,,,,,,,,,,,,,,,,,,,,
20948,16,20260108,17:30,MIA,MISS,,,,,,,,,29,28,31,27,MIA,52.5,MIA,-2.5,,,,,,,,,,,,,,,,,,,,,,,
20949,16,20260109,17:30,ORE,IND,,,,,,,,,22,24,22,56,IND,48.5,IND,-3.5,,,,,,,,,,,,,,,,,,,,,,,
20950,16,20260119,17:30,MIA,IND,,,,,,,,,21,27,,,,,,,,,,,,,,,,,,,,,,,,,,,,,